"","t","","",""
"1",0.189270950530024,1.01467854099836,0.0801346219315829,0.152154473908735
"2",-0.263464920070154,1.02647595190469,-0.145016734871169,-0.180618455441166
"3",-0.333072851001204,1.03349666330775,-0.159409898132445,-0.20664906833969
"4",0.248115098676196,1.02596044896324,0.148031743751894,0.175161199124203
"5",-0.29360979903872,1.04631333411027,-0.23868722211559,-0.194422229016382
"6",-0.234320031413696,1.00658646800332,-0.0964075961457308,-0.0626250187448547
"7",0.101891809259636,1.01354947739815,0.149788264382869,0.0696133535122853
"8",-0.294327784886376,1.03730354593776,-0.198019051976573,-0.191799638866599
"9",-0.102520787322454,1.02308841469291,-0.134161707791002,-0.169441849734496
"10",-0.440543696799242,1.16344939384792,-0.325159405931712,-0.497881364161417
"11",-0.0653350806645444,1.02542462302615,-0.16819532472056,-0.15233512480863
"12",0.0880933207891909,1.01697188225644,0.0986773766385439,0.156507458735793
"13",0.194436780021512,1.02399151359581,0.207404129029691,0.0744455987796877
"14",0.164697179123697,1.03235996964071,0.253796036963847,0.0368059579146881
"15",0.162486732887458,1.0192085831118,0.0608885568189852,0.187293137987671
"16",-0.291078498802356,1.01882084835953,-0.0983515908725583,-0.168294045126009
"17",-0.26800509153213,1.04667487379777,-0.296205167008909,-0.0882654546060134
"18",0.557832773290683,1.1249001309083,0.323289208658377,0.401103966675169
"19",-0.297201230938445,1.02456498211856,-0.0990112611930439,-0.199825355599773
"20",-0.111862093571148,1.01368255897929,-0.0681831605056446,-0.15133865006093
"21",0.279209886611614,1.01444417787265,0.100516417896954,0.137816688949039
"22",0.408497699670578,1.10214691082785,0.376580495834352,0.270027671183031
"23",0.387389082087406,1.08419664962791,0.325187649806072,0.26407454909169
"24",0.041162162698857,1.00648796551452,0.113995763345522,-0.00479485816489466
"25",0.326460768525985,1.03639319489599,0.225110354912332,0.153088806050477
"26",-0.216055202993972,1.01921271748547,-0.163657178407389,-0.109594212620213
"27",-0.11306102432817,1.00366690651899,-0.0844600480740809,0.0146205171151339
"28",-0.0983795549152046,1.01160726904625,-0.133583071299438,-0.0741945405634302
"29",0.0306985763089416,1.00309712871018,-0.0578664010886778,-0.0534352809634989
"30",-0.329845697130068,1.04187564647337,-0.239867014882051,-0.167238386400605
"31",0.0743165627224506,1.01290332053044,0.00768709404515334,0.160978400186895
"32",0.193967229205519,1.01209099284113,0.0826398727655323,0.132283140344677
"33",-0.280701996953314,1.06770104991847,-0.291108804807182,-0.235034456539344
"34",-0.0929044841453671,1.00258043099038,-0.0684889004517866,0.0218355471596689
"35",0.306937399570746,1.0560018285413,0.174350539539219,0.291104364867576
"36",0.316038467652856,1.00580560849587,0.0943965767046662,0.0522896585204803
"37",-0.446838133399427,1.06344745231278,-0.229391704573693,-0.279821245982696
"38",-0.45951155029074,1.00328861357354,-0.074519088744751,-0.0321706005377311
"39",-0.746521359109893,1.26058745323884,-0.612804580330419,-0.462116082374583
"40",0.118773739768341,1.00627466213585,0.103458899638434,0.043416030935812
"41",-0.13187930289352,1.0125465379007,-0.130174520763256,-0.0911322421470627
"42",0.19935080687154,1.03090804821494,0.0573230178901759,0.243896444201833
"43",-0.398922218516618,1.09775973790168,-0.270992822483054,-0.362821350420052
"44",0.0588948374745599,1.00214928463013,0.0516335930227372,0.0404618432137437
"45",-0.0851973621948531,1.0037310804273,-0.0414320677171917,-0.0758911429642899
"46",0.18541199341146,1.02231378512877,0.0758552808137944,0.198422407093967
"47",0.486155429160899,1.12332342504916,0.32852272507689,0.392337018865451
"48",0.392926219913499,1.04739054716076,0.196828097529362,0.241424228909801
"49",-0.258896578634494,1.05038190267134,-0.185975086867636,-0.262136240386652
"50",0.146306493432678,1.02290195084769,0.10100191317729,0.190071077711824
"51",-0.0673146300365959,1.00101489425433,-0.0303896152481978,0.0332759643596933
"52",-0.26088645260324,1.03605820795255,-0.254652467384366,-0.0925674409331084
"53",-0.0835037571165715,1.00542684110815,0.01142408727702,-0.103694855468384
"54",-0.000129632499102062,1.00087596963045,-0.0160934650473205,0.0386485053587657
"55",0.322440799948621,1.0745410910315,0.319114026137364,0.229792938615548
"56",-0.0326380139298417,1.00135259643159,0.0397394819139305,-0.0335826734715632
"57",0.105822110205829,1.00268243918649,0.0548099342647926,0.0486615346947707
"58",0.0604132617979066,1.00229925646562,0.00760213304062564,0.0674240838629478
"59",0.105330878100626,1.00463596131873,-0.0628893587342153,0.0730639674039346
"60",-0.677138182377853,1.21447240895665,-0.500970627872371,-0.47325644435773
"61",0.10839541090425,1.03768565856417,0.129266227964457,0.245115826289525
"62",-0.0582940744023176,1.00122340244048,0.0425326451136592,-0.0252839018770019
"63",-0.14786447293547,1.00382375895807,-0.0514787696974643,-0.0707960120285979
"64",-0.331774106432876,1.05240758562988,-0.20368560826354,-0.25704843760976
"65",0.353701797983206,1.06061939505464,0.192379337797161,0.296485567194756
"66",0.00585332224043234,1.00041528371039,0.0220031268696133,-0.0186172578353639
"67",-0.0687571686425473,1.00606524132458,-0.103459582377369,-0.0382542104320601
"68",0.089170796079182,1.01538038274308,0.168861494844457,0.0498308861889466
"69",0.195481494948882,1.01361731386991,0.144137786765815,0.0815129278280337
"70",-0.325373528528912,1.04428246153,-0.300868895379439,-0.0019409410873669
"71",0.180928389020307,1.01684981827706,0.116785649603107,0.14263472570478
"72",0.236660683259901,1.0282933447709,0.164946164310779,0.173723820414162
"73",0.205572674556192,1.03676857985235,0.192825534815152,0.194183936751476
"74",0.244838772218717,1.00524355067672,0.0751479943663343,0.0697665759505152
"75",-0.192664401961386,1.00622008065313,-0.0944906711047196,-0.0595849291665223
"76",-0.220972642661587,1.02507649617154,-0.127844704368283,-0.185573582625068
"77",0.345606688663908,1.08618879514536,0.264795855790353,0.331193679673353
"78",-0.0888342550133662,1.00433760177135,-0.0813832431259238,-0.045505890499184
"79",-0.23866184836736,1.05745629116366,-0.259376436096045,-0.225693757378696
"80",0.279311873780501,1.05969116822209,0.225396949729651,0.268591859631797
"81",-0.24769564288205,1.07316819152803,-0.223702961433989,-0.318821191819489
"82",-0.162992210111872,1.02909614020211,-0.179015664576868,-0.164293206235002
"83",0.198579742463219,1.01203444705681,0.129079357819729,0.0869036329184842
"84",0.331987578725821,1.03647611866904,0.150387205564378,0.227302514226709
"85",0.355246338765979,1.06378466194957,0.25736515615066,0.25573615974028
"86",0.155415206209896,1.04012085760604,0.256620845936746,0.126479800196819
"87",-0.26742543654296,1.02166370730291,-0.0851117735336194,-0.191187648204309
"88",0.140833173682309,1.04059859077114,0.287674624908056,-0.00942004771128037
"89",0.0835338805165123,1.00600405972841,-0.00538344342994851,0.109613807190831
"90",0.0852728235016222,1.00590284313196,0.10390679531259,0.0323095606411147
"91",-0.10198655538144,1.02468904232416,-0.152180910051036,-0.163794395738195
"92",0.0464219964767617,1.00082366915779,0.0137293000017584,0.0382037048979983
"93",-0.0651191917769772,1.00718727319405,-0.0553766299380129,-0.106581575053002
"94",0.475833651957187,1.14972653551908,0.381782692792891,0.419658291900116
"95",0.22973210682856,1.04874414000165,0.134235953337228,0.2860856165896
"96",-0.248680553658242,1.02990039053244,-0.118005615727966,-0.216262546631492
"97",-0.187771605629347,1.03757716129299,-0.200165475854626,-0.191050118850294
"98",-0.346685233715661,1.0460080248027,-0.300948317507385,-0.0596900170977393
"99",0.382326448639799,1.05079121198843,0.190540612884571,0.260492698618762
"100",0.200709768299579,1.00727713322712,0.079129702438175,0.0913548757006884
"101",-0.36198570549723,1.06775883396242,-0.283579926471654,-0.244318138514349
"102",-0.18859870396076,1.02540160972566,-0.0522643486369382,-0.220719050128288
"103",0.127742965763056,1.0030790470722,0.0778401625732223,-0.0104155540341917
"104",0.120690080901735,1.02246139212256,0.207746675853936,0.0476300016043959
"105",-0.049061074626353,1.00529261199064,0.00303478863950607,0.102975850474187
"106",-0.0576273527884532,1.02188070448526,-0.20964603299262,0.0169916170433065
"107",0.0806927971600154,1.00751107883345,0.120917544002729,0.0213897527918266
"108",0.219133129956613,1.02360989640272,0.210709865325056,0.0581254906927742
"109",0.276747880835946,1.04119603952782,0.153140156055968,0.246246391509759
"110",0.0973784543480526,1.02246491096696,0.19420056182569,0.0878671494089304
"111",-0.16386467074089,1.01867672920509,-0.163260949866498,-0.105110136869187
"112",-0.135606309291421,1.04487818926824,-0.140146565159199,-0.268569117142237
"113",-0.177186429259497,1.00765971858189,-0.0233595520630684,-0.121788504301302
"114",-0.359162502864339,1.14008909411115,-0.448105634834385,-0.314649777595445
"115",0.183691882873871,1.0054944698879,0.10217717844774,-0.0240614459168193
"116",0.063315053354158,1.00900902897301,-0.027862263354664,0.131616544665978
"117",0.132835542439468,1.00455247551593,-0.0152760448557321,0.094299090763069
"118",-0.0172297653554704,1.00739011425509,0.0705618579232245,0.0992767168338689
"119",-0.335705258530839,1.06794360962163,-0.306864423124609,-0.215262117317667
"120",0.28938094448191,1.05643547591954,0.200332393957478,0.275541007315828
"121",0.458612159608127,1.09954639250006,0.359197725723891,0.282806052082819
"122",-0.140125495102165,1.00645229742205,-0.074498614499923,-0.08600106641028
"123",-0.0955066159969962,1.00676794476817,0.0655874195709353,-0.0963326788102077
"124",-0.118272642941203,1.02311509025416,-0.132735550291073,-0.170721298011434
"125",0.156337749109893,1.0160522794326,0.0282362289626661,0.177665274924932
"126",0.111687725640759,1.00753990212643,0.0761679301834934,0.096618325324468
"127",0.00149523222964061,1.0010999755342,0.0416743882626927,0.0215500899652108
"128",0.483234292028949,1.16825716883096,0.389647142185753,0.461519140568838
"129",0.332994838267146,1.05831667632891,0.172863734205893,0.300253754001951
"130",-0.10477664787339,1.00528744957056,-0.0298303976039632,-0.0985545719024
"131",-0.0981980540100322,1.00162256948627,-0.0507641155758703,-0.0258993489123643
"132",-0.103189354798086,1.01276501480898,-0.110775538717225,-0.115852299256142
"133",0.109969187436884,1.00982807785416,0.050899774629649,0.131003663175003
"134",-0.128850245330507,1.02079240675797,0.0104584587824703,-0.204713844999878
"135",0.0296812715345573,1.00331307379449,0.0731832614007667,0.0357957301600739
"136",0.09470595234641,1.00163550588454,0.0525071334480548,0.0227307629800622
"137",0.054538152304604,1.0057455299857,0.0963406224214318,0.0473556285743074
"138",-0.0603819116530353,1.00440153356523,-0.037569525713769,-0.0860869988199643
"139",0.282090932004397,1.02677274887005,0.11540525842753,0.202346001071005
"140",-0.725214282667982,1.23110539880638,-0.488625183588462,-0.526180513638956
"141",0.00808068481310855,1.00408476268499,-0.0902458065120645,-0.00647341201762384
"142",0.0623207580415353,1.01724956762146,0.136304587770903,0.127348899400981
"143",-0.307655864610834,1.05002929687733,-0.161472769197352,-0.276564764763045
"144",0.441274332418373,1.0939882767,0.277889857883651,0.345814367027221
"145",0.319105579206276,1.0533015736592,0.305994953359602,0.125742966369542
"146",-0.095622779519932,1.01127520352371,-0.122830603478233,-0.0871216397406011
"147",-0.15297655997503,1.00858253397138,-0.0884724630045124,-0.0970121184287647
"148",0.417361921911987,1.14836725828637,0.411505549722839,0.386536599109907
"149",0.19688589512778,1.02183354070615,0.119042569240355,0.173126114785511
"150",-0.404672157077798,1.10503631603032,-0.361079980385278,-0.301208412085103
"151",0.0993726615432949,1.00149661458347,0.0199798481297776,0.0509536523800526
"152",-0.177075936928404,1.02862608636942,-0.176452862293699,-0.1641219453578
"153",-0.323925029593397,1.06139962740891,-0.22663388345416,-0.274237583008363
"154",-0.0618604477078945,1.00266373792467,-0.0439111533182293,-0.0583642181763764
"155",0.137915170001416,1.0041052489177,0.0878495687992448,0.0225788433241734
"156",0.119506720453229,1.0106420917656,0.11560702463803,0.0896239560758773
"157",0.268288995530965,1.00462300845159,0.0918349597560272,0.0288743705895389
"158",0.0390254220697218,1.00340575613633,-0.0623085743696226,-0.0542287101778319
"159",0.186521166469237,1.0080465995739,0.0578153486625427,0.1132048248598
"160",0.192247120684119,1.05472793727461,0.137478781509374,0.305860435987139
"161",0.129700181791906,1.02459919518154,0.223008273568822,0.00841550274924953
"162",-0.15818040599295,1.02241579607957,-0.081903612129825,-0.196534623904043
"163",-0.094029735123823,1.03446496216675,-0.151897886120994,-0.216898110048538
"164",0.167976249331515,1.01436934593576,0.0513380258961939,0.162202272090228
"165",-0.000331977540958859,1.01091889725457,-0.113455636960811,-0.0953144022076636
"166",-0.237312420355879,1.01374473647592,-0.0406428008403955,-0.161327472776607
"167",-0.179543033265045,1.02914878892668,-0.157667044251863,-0.185171090902809
"168",-0.0720753612633797,1.00564889470213,-0.0736693781446192,0.0768278734536291
"169",0.0108446932647557,1.00068147417972,-0.0348677177673922,0.0121513383700148
"170",0.250197987062295,1.03240618162211,0.12515611466144,0.22405015245342
"171",-0.0178898849527251,1.00450806726505,0.0810524262964278,-0.0496685150978891
"172",-0.102225011419288,1.00260781778221,-0.0571343329137884,-0.0442504720935497
"173",0.234162702888002,1.03636188003016,0.256781440650264,0.0900513082482703
"174",0.0247291690571051,1.00484813583857,-0.0574948335581052,-0.0800882027040688
"175",-0.0572773745438818,1.01047500365603,-0.0676222014441089,-0.128401600011499
"176",-0.311789516017314,1.03502764806708,-0.233292387516458,-0.129834102569929
"177",-0.172039613489125,1.02957796444638,-0.160670715891826,-0.184974879181923
"178",0.414042811324358,1.08796342387211,0.333747548632345,0.268843793801203
"179",0.223536663739971,1.00337636771987,0.0383819772269401,0.0727389793911792
"180",0.0146659340577698,1.00095869073075,-0.030732151729242,0.0312063358872182
"181",-0.250405686433378,1.03996016012167,-0.241684545369995,-0.152005641900499
"182",0.307762717477695,1.03315646451599,0.201628776719462,0.163579083533907
"183",-0.196485890902318,1.03095510472427,-0.236858973416383,-0.0822572469096652
"184",0.323619294498364,1.03667795714555,0.12310076119819,0.244023337867297
"185",-0.0397053430580165,1.00078895998239,-0.0118103203354838,0.0379349279189132
"186",0.418537390203511,1.08786129373239,0.253011401642402,0.345582732554823
"187",0.29174704317127,1.0347714306807,0.226592903683906,0.139311053951524
"188",-0.125100942271494,1.0228057946229,-0.124455964510851,-0.175049725540636
"189",-0.26906421660569,1.05466436295116,-0.248597788664785,-0.224757776172847
"190",-0.00898028809206348,1.00334925501519,-0.0194373123496349,-0.0795733525004454
"191",0.0140503906736282,1.00434167999481,0.0406608101715101,0.0839577792167056
"192",0.286907707594472,1.02328769516963,0.124272702053688,0.177971915227801
"193",-0.0508881917069964,1.00065314867286,0.0306565638892206,0.0191546088297292
"194",0.244934951538777,1.01361128406083,0.165095982345266,-0.0122943803784172
"195",0.0602716047875353,1.00425142434725,-0.06554144235609,0.065001866414427
"196",0.133046696803993,1.02104488365624,0.131719136875555,0.158690653226174
"197",0.108150152327303,1.00420944343494,0.0898344072989185,-0.0191412003060884
"198",-0.124806141216907,1.01175167964367,-0.133409613079867,-0.0764417189738169
"199",-0.179582740639623,1.00019738857513,-0.0129529334923198,-0.015067767799123
"200",-0.211040396576813,1.01618549637556,-0.167306090156988,-0.0681295474844227
"201",0.229414052279389,1.03547010249519,0.203171364811106,0.175840068477555
"202",0.204607746005759,1.03261737195529,0.17513993146308,0.188744910582905
"203",0.032545228845499,1.00139686115298,0.0154126081519635,0.0505779105637815
"204",0.0479302493135737,1.00240024901174,-0.0321390831180134,-0.0614275065025771
"205",0.269468442987787,1.07431139019359,0.228523286688182,0.319252361840788
"206",-0.547819937685794,1.21440153441405,-0.51552567304031,-0.457169954419068
"207",0.00733668729438875,1.00346702118217,0.0467230068321415,-0.0690146595498882
"208",0.0799443087048109,1.00438660848876,0.0721101771879734,0.059938148598949
"209",0.228346917439301,1.00193471096187,0.0288845197203923,0.0551257612262166
"210",-0.340274222935441,1.03232989661187,-0.249899170086232,-0.0570562900028268
"211",0.00325660454298635,1.00254575426282,0.0201343803288925,-0.068502526370762
"212",-0.276185347111851,1.07386576146132,-0.330031936327316,-0.210396280012153
"213",0.171149933843943,1.0191447536345,0.191362999429399,0.045124619778012
"214",0.0597490091734202,1.0054439282276,0.0926370534150021,-0.0483308301638852
"215",-0.218326548253057,1.02713769301999,-0.126801504159538,-0.197315024682131
"216",-0.327172339963388,1.03876828481286,-0.243084463013893,-0.141242675471362
"217",0.438766857712917,1.06787973423137,0.172796969213516,0.33242793837566
"218",-0.347906976490995,1.04490858741478,-0.212750805405222,-0.215803268864456
"219",0.0210661207441916,1.0055296171158,-0.105055279296969,-0.00729377740876758
"220",-0.673215068028204,1.20057139657376,-0.514625361378501,-0.420157608162843
"221",-0.306241896617694,1.06842659926297,-0.320464100128562,-0.197073992554654
"222",-0.169991460178729,1.00975034909009,-0.139115225328685,-0.0155795240397957
"223",-0.0183013689902,1.00107441550239,0.0402220571424158,0.0230688424652466
"224",0.309917020300195,1.05343045093375,0.197079326640877,0.266224442839617
"225",0.305098962881776,1.05736920217032,0.271159809105221,0.210954942166121
"226",0.347848170479885,1.05492836019503,0.273968027184129,0.194461732031318
"227",0.290488863067738,1.04141857793281,0.240377524664696,0.163619375685349
"228",-0.109754812410073,1.01540356018223,-0.0700606933930732,-0.161665980564963
"229",0.125423336582473,1.02748168551272,0.159818513839709,0.173714296182358
"230",-0.211448295025784,1.0228849494241,-0.175575441538111,-0.124365928159762
"231",0.295541281200042,1.0284541369982,0.195480580617732,0.139661213334504
"232",-0.211373336031602,1.01834526766512,-0.154965343576996,-0.114073776416915
"233",-0.252916554477721,1.07184355041368,-0.287062787160477,-0.257766469485595
"234",-0.127038598352544,1.0132283776863,-0.163156198776095,0.00343513460508581
"235",-0.5237556452351,1.1074024878872,-0.374277881577148,-0.293694292659686
"236",-0.551971973214914,1.11068766577149,-0.312319486184651,-0.368895146954079
"237",0.0937648308215704,1.00647946928565,0.0783560242846662,-0.0828326961521311
"238",-0.108026883420862,1.00997945590264,-0.0563470731173558,-0.129936556428516
"239",-0.497053528932955,1.16403286337945,-0.340698630353948,-0.488770856641751
"240",0.00804224168031355,1.01953474853439,-0.187430548146251,-0.0657335005204937
"241",0.0320237487553736,1.01603562240331,0.173981190604058,0.0453754483005203
"242",0.278214775455776,1.05417841813577,0.174423131943284,0.284374239878263
"243",-0.273745895620473,1.02619025469759,-0.211921394060596,-0.0903092552051576
"244",-0.133342996980842,1.00295367624923,0.00809400903275181,-0.076488977765595
"245",-0.106668554402586,1.00127991377494,-0.0383482813440742,0.0330283975861088
"246",0.247515349159671,1.03162066074066,0.173581654134358,0.184690543924115
"247",-0.00681131230610658,1.00238372216599,0.0619984587597176,-0.0304847105082595
"248",-0.333401621520551,1.06113444160636,-0.0423803560197713,-0.352434686980268
"249",-0.58068595928671,1.15708938603187,-0.38322831731627,-0.438168807738008
"250",-0.083977827874064,1.0090952236676,0.0150299619074892,-0.134340130541201
"251",0.167027797395461,1.03261444565285,0.11663175543291,0.229542211794662
"252",0.0530903849605873,1.00509603704819,0.0804965248395453,0.0611420737195205
"253",0.158252406934855,1.01188231571814,0.128889728926371,0.085400577517951
"254",-0.304219719545168,1.07909942951453,-0.360547462146554,-0.185637028413669
"255",0.144305555977504,1.01508854071893,0.171976489965723,0.0287894494210293
"256",-0.134914416607705,1.01895498923458,-0.107677074077681,-0.163324578077224
"257",-0.0505237334422115,1.00394305703875,0.0644678358379211,-0.0612009797199938
"258",0.2050734350374,1.01599009313436,0.103966612371379,0.146379004161053
"259",0.0212825320665076,1.00305303910071,-0.0644673579132159,0.044264647438552
"260",-0.0138039705250694,1.00430502529637,-0.0243893206653356,0.0896311601678381
"261",-0.35664009718995,1.11060191469335,-0.322699629288688,-0.359585264127267
"262",0.764520680903223,1.27473312100065,0.504912577714009,0.608282679880208
"263",-0.203441104991903,1.02382137920886,-0.211800992681309,-0.0578839876333687
"264",0.11736458263934,1.02063793915048,0.119622956952093,0.16550574311296
"265",-0.207634703201639,1.01364561404309,-0.147522254375329,-0.0755950747920181
"266",-0.050312905303856,1.00357303029833,-0.0825148007213606,0.018711889377878
"267",0.159820408184653,1.01047052584847,0.0838459988362557,0.11840832777987
"268",0.178467736097134,1.0157534472477,0.174721980721113,0.0350327710648939
"269",0.0684695102346713,1.01045048041311,0.143733444482326,0.0187315323541978
"270",0.62323861751493,1.21514849700798,0.513560597591505,0.461347355451628
"271",-0.0427324012467971,1.00153718017988,-0.00248200234313233,0.0554126605301615
"272",-0.123493575757558,1.00849768267967,-0.0326951241645015,0.126485591377559
"273",-0.321310789881199,1.03565907718146,-0.161918810451213,-0.21534164244388
"274",0.0483840854287878,1.01016490163441,0.0808727449253779,0.117867415439136
"275",-0.593423569742454,1.22950873452624,-0.39998600747176,-0.593045463774171
"276",-0.113917699325052,1.01714501783905,-0.185441522922579,0.0139795883689698
"277",0.363951029154412,1.06624762310434,0.237406289731045,0.283764422315041
"278",0.0981833868197323,1.00022383617109,-0.00137339439609943,0.021114834421384
"279",0.0557200246235992,1.01602491994373,-0.138105783338829,-0.11503664874738
"280",0.259655442938237,1.02590659131374,0.197354445687525,0.116342412164865
"281",0.284971554763745,1.03760828501445,0.228668449318077,0.156018247064558
"282",0.134433457150956,1.04024378784786,0.174688033095414,0.227137027473119
"283",0.0163791612955928,1.00135589076277,0.0478760446981383,-0.0205305701176916
"284",-0.0725428990801254,1.01735048906206,-0.178971109964859,-0.0545101769651016
"285",-0.519927657485889,1.17871852934277,-0.532690654793466,-0.324989288610717
"286",0.268923165478161,1.0262122333858,0.15903220327749,0.166794203350669
"287",-0.287103702537682,1.01694321220385,-0.163841857156095,-0.0856115803564873
"288",-0.172846946380356,1.01649486662475,-0.112131526146339,-0.143834400330916
"289",-0.170529685121133,1.01824144687015,-0.137387712991277,-0.133941257434909
"290",-0.537083948553698,1.21431852301156,-0.532422964852744,-0.437144440461479
"291",0.221220274255067,1.02572835452041,0.19428582036983,0.119881930541535
"292",0.247845208517379,1.05029326734195,0.269316442866116,0.174884536268307
"293",0.397442935148549,1.06634680980084,0.283330371024048,0.238368243748625
"294",-0.181118443479655,1.01006321049621,-0.137313159516768,-0.0370511190309218
"295",-0.111422927328847,1.02767728743839,-0.173463181933484,-0.161341661173573
"296",-0.350039947923429,1.06003450658673,-0.297418485118876,-0.187657666681013
"297",-0.235352988552383,1.02408011916659,-0.183604134216183,-0.122595319531298
"298",-0.19061580374063,1.00781567873202,-0.0814233012284462,-0.0951981528977549
"299",-0.117756254233847,1.02775042222861,-0.200019233901853,-0.127527394940859
"300",0.00850052480041315,1.00766933891996,-0.112698381557561,-0.0519285219672086
"301",0.0053958100825778,1.00683191308938,0.117085442351188,0.00122491005790601
"302",0.318275354985874,1.03655082321455,0.18683609495144,0.198821233096611
"303",0.428888255660761,1.14283945275478,0.434259154855506,0.342784190412909
"304",0.00680279952991132,1.00121051825464,0.0490017030266452,-0.00461897869701759
"305",-0.238770959182962,1.03244202177305,-0.25268043171678,-0.0457069770412139
"306",0.156897257042852,1.04425913492338,0.193072275568997,0.230651766257156
"307",0.249958492714638,1.04377836738512,0.13925928064523,0.264726524880515
"308",0.0367144195406347,1.00631010758014,0.106947586902074,-0.0349606389211858
"309",-0.0257558384328582,1.00055713431472,0.0109102601595817,0.0315522622221116
"310",-0.158829248467502,1.00424487866344,-0.0450793652653347,-0.0804712815172698
"311",-0.151688147519824,1.0163371205256,-0.163082343917905,-0.0796573390247584
"312",0.266396676591316,1.04322050944174,0.180271535611913,0.236243951812561
"313",0.0199608239100947,1.00001564802681,0.00146306772987,-0.00539960473519368
"314",-0.158190924027393,1.04796734946944,-0.233628127606383,-0.208934112928303
"315",0.0811655278597919,1.00329321327515,0.0794227848293971,-0.0170086170489475
"316",0.231573930714817,1.02574662984785,0.14306981142639,0.178008925907221
"317",-0.499599589386922,1.13083718075202,-0.367945466584398,-0.378693626816143
"318",0.0110497021013745,1.00235002090626,0.0536234194655693,0.0427795897081978
"319",0.545739268560958,1.19143258073711,0.535625487126293,0.364166077473734
"320",-0.143180122395194,1.0091331298914,-0.134753261895822,0.0138286750213432
"321",-0.293223334723817,1.05428320760272,-0.228006982517944,-0.243979297802366
"322",0.378062610527774,1.08718305012558,0.271956593366552,0.328643569547339
"323",-0.312532216815238,1.05509727601559,-0.248537543433654,-0.226846537023354
"324",-0.0638064054193375,1.00271966640483,-0.0634038431529672,0.0377714451463248
"325",-0.206777198510041,1.04841909774657,-0.30388748883602,-0.082674050636685
"326",-0.000272573703535063,1.00144288973176,-0.051635437868961,0.014887677803678
"327",-0.172584859174695,1.01994588509418,-0.100974816696224,-0.173475343820701
"328",-0.110635364105354,1.00651680225469,-0.0721143368780431,-0.0887445527209277
"329",0.266596969325937,1.04366076508187,0.244333212602038,0.171840256607233
"330",-0.146586066700635,1.01159382281302,-0.152454758827182,0.00892237997431159
"331",-0.185485378431456,1.00991994150819,-0.141161218223571,0.00343492729784452
"332",0.206063259268727,1.01006203079011,0.116075168680532,0.0821697101104114
"333",0.195396669876682,1.0123080619237,0.0897887480692126,0.129250117817668
"334",0.0211636119271534,1.00212574398636,0.0405438550620316,-0.0511097111802011
"335",0.10529608083292,1.01628144180815,0.180559086750084,0.0150461010108834
"336",-0.277843764789563,1.01235829039055,-0.0569849381648525,-0.147044295859508
"337",0.391712296563766,1.11545191842113,0.298271451941472,0.394039494551131
"338",0.329355685444091,1.0358906477913,0.193917671510857,0.188322518189634
"339",0.288031031318784,1.05008187294058,0.288641066735348,0.139134016229935
"340",-0.513532723338906,1.16120654682703,-0.466591276309614,-0.36151517985519
"341",0.224709050761842,1.04839490301065,0.196170923013155,0.246269855286603
"342",0.070338361841631,1.0234438345866,0.0937393943897799,0.196596562769445
"343",0.0797579437149662,1.00039983201429,-0.00066213045586867,0.0282734058345792
"344",-0.0336172081448159,1.02066537105602,-0.17875826088226,0.0990115338698922
"345",0.745420263511636,1.30066837767872,0.559972229834076,0.614954738584908
"346",-0.0198205822445505,1.00552233827818,-0.103937774100743,-0.016495814359835
"347",0.105217152036075,1.01699695008154,0.118891526467887,0.141942246738906
"348",-0.43027755437206,1.07172358818626,-0.306702718186986,-0.233505657600726
"349",-0.448807489599456,1.09575278637554,-0.334283530668791,-0.298209137977657
"350",0.204809810960152,1.03066945550461,0.22028634687911,0.117275111975303
"351",-0.285369202592665,1.02881246326267,-0.102641059202937,-0.218906138630936
"352",0.118088463700472,1.02041045122862,0.0892981156491547,0.182382388179648
"353",0.121508367703295,1.00069516406978,0.0248632930619511,0.0277961877020685
"354",0.00322018216461437,1.01090996777012,0.115835226206726,-0.0923101473653574
"355",0.335490348851617,1.1235824185303,0.370817349226796,0.353457132822102
"356",0.0364201636320838,1.00746829274384,0.0157311590171539,0.121428544914989
"357",0.374501897750129,1.15055697670745,0.278988555956132,0.495930178851529
"358",-0.469701933217432,1.09024204527097,-0.358311321436016,-0.245439838264721
"359",-0.238379235366125,1.04310953571764,-0.281548724361648,-0.0938499830335145
"360",0.264261700608711,1.04323709375169,0.25788864966038,0.147773739736848
"361",0.200364604931403,1.03289022154379,0.178647676419717,0.186941748870138
"362",0.023992560169723,1.0051235043943,0.0659243196844009,-0.0769885911030751
"363",-0.17291850376144,1.00341878725051,-0.0493227094442093,-0.0664570006873813
"364",-0.394526720821438,1.09927206751539,-0.308358858688808,-0.336621289712488
"365",0.0337647550691484,1.00510439888904,0.100909465424988,-0.00722028072474033
"366",0.383265682753436,1.07408093254778,0.171059040373966,0.352687757611533
"367",0.159933840949723,1.01103216343964,0.147941895308231,0.0172982982415498
"368",-0.0990229423265537,1.00514422278847,0.0826780905357427,-0.05898509939294
"369",-0.34451263106838,1.07113064578932,-0.174810373467492,-0.341704834143727
"370",0.0597417987485004,1.00023714882165,0.0215505136489336,-0.00315107034554154
"371",0.228919006352061,1.06134401239892,0.156024572037045,0.319542556752158
"372",0.294280654059053,1.05090339528258,0.232403827414875,0.224469167636404
"373",-0.295637141023225,1.06810012348138,-0.258310887269018,-0.272237688976458
"374",-0.0234159490596895,1.00572459606189,-0.0468650097035027,-0.0963619945275991
"375",-0.247887103170696,1.01511810212347,-0.147619783130079,-0.0931298066538033
"376",0.196392447417428,1.02591859292316,0.182286058426549,0.138855148297584
"377",0.116788412995182,1.00106333768407,0.0232432907026222,0.0398441400017001
"378",-0.00570171028665289,1.01601370846089,-0.0684987041867134,-0.166107746072216
"379",-0.0523397891582797,1.00434731250555,-0.078615711082099,0.0503298530514129
"380",-0.261153231890784,1.03271215484347,-0.15592376047711,-0.205382997543921
"381",-0.351656211407943,1.05249269107371,-0.183384736076365,-0.272233178245768
"382",0.244303826142119,1.01016168270561,0.041796658931135,0.136673569166914
"383",-0.298138431045122,1.04066109170444,-0.126081085763567,-0.258996269471514
"384",0.745251660234095,1.39128931341927,0.700380815773248,0.667197621796922
"385",0.058900524645506,1.00055373330075,-0.0260553790240352,0.0207096703493784
"386",-0.216561385060875,1.02345671015766,-0.201060651079253,-0.0838942915479637
"387",0.155874627724212,1.01814337564922,0.0242957561291063,0.189804240238455
"388",0.00886599186271418,1.00037449785571,0.00475418864033601,-0.0269542881640706
"389",0.216349155298726,1.01909221586743,0.128315174186282,0.14860740397143
"390",0.33427787763866,1.01755809813358,0.182934595253644,0.044265301722724
"391",0.297762271625579,1.05173017589265,0.216498093503418,0.243443912210946
"392",0.168506245546892,1.01302861425772,0.0281610844335307,0.159480176286718
"393",0.0815163273309466,1.02447070549183,0.216000373248355,0.0537034930661718
"394",-0.178314857300004,1.02380675303357,-0.0690575731033879,-0.208353831628336
"395",-0.0122201184282576,1.00024166489801,-0.0149988282020955,-0.0160755513282389
"396",-0.0344151128453317,1.00012829197147,0.015842881517461,-0.0023671727845432
"397",-0.17751591598525,1.03121872332049,-0.166237523753473,-0.189148462914876
"398",0.101122750804821,1.01498198575103,0.00660902156981828,0.173622441616815
"399",-0.225781826206343,1.03299811487897,-0.195834779849777,-0.169510602455087
"400",-0.374080119982305,1.05842362076399,-0.205776670396051,-0.279135312907322
"401",0.172072416897614,1.00839879670656,0.105427595748729,0.0758495567150754
"402",0.348630331914497,1.06154705637467,0.236310616920835,0.266532259263713
"403",0.363493860987563,1.10026948312451,0.258178228241671,0.379390218583799
"404",-0.312988422573424,1.01679703194251,-0.0904983085510112,-0.16026933679439
"405",-0.472028837992639,1.09429885400627,-0.308021029026386,-0.320332682623802
"406",-0.768381105735776,1.23896713378666,-0.537942150931551,-0.49563878062018
"407",-0.0436757043801404,1.00107724679734,0.00365961726669266,0.0462845682361332
"408",-0.115583680804016,1.00157492184643,-0.0333142924641342,0.0451938268936739
"409",-0.163131425054293,1.00742155620412,-0.0720312914284777,-0.0985377336855411
"410",-0.609847583566794,1.22229274771213,-0.484076998368744,-0.509577296158275
"411",0.217272007709969,1.03267197948055,0.244697792508726,0.0808356823787353
"412",-0.456047542127372,1.07914425319364,-0.312349604165365,-0.258824349663235
"413",-0.100344784468999,1.0045293237059,-0.038538217564228,-0.0871433759502086
"414",0.0553587188165222,1.00733394702913,0.109886073534383,0.0514463961855678
"415",0.0952553426544158,1.01578965196967,0.170507531121102,0.0524957034398622
"416",-0.255473926309319,1.03396068043136,-0.154055321108169,-0.212935780732939
"417",-0.568430007605661,1.17787643579231,-0.48298561080577,-0.39257839694688
"418",-0.353320318595219,1.03338027626135,-0.246960413902193,-0.0829780051052345
"419",-0.234818922723167,1.04180445656469,-0.226346955849478,-0.184725692029348
"420",-0.112884132619861,1.00189318499029,-0.00144219175692682,-0.0615457083224871
"421",0.214065800518849,1.01995638652788,0.111905971522815,0.166697582335621
"422",0.0733936811835709,1.02226177931299,0.120773974580999,0.17444997136161
"423",0.392998996114587,1.05908066048381,0.175962942932419,0.301145958175416
"424",-0.230469401160878,1.01384199476098,-0.16506426636634,-0.0250874133753896
"425",-0.0846969314241292,1.01431268681102,-0.139690944888324,-0.0965228809246787
"426",0.444352159645419,1.06893454614402,0.243652426277356,0.288538661377103
"427",-0.181384793139221,1.00768904276636,-0.0826390752396531,-0.0927792549814975
"428",-0.311124465980644,1.05027897818696,-0.261113605463295,-0.186830450043385
"429",-0.0497287707310402,1.0162128718808,-0.14623154320545,-0.106324676100939
"430",-0.107957202363786,1.00795826789211,0.000611643215575636,-0.126410030079269
"431",0.114817643087941,1.00473601390882,-0.0578544054712651,0.0784048813081345
"432",0.187551071695058,1.02082825704292,0.205048702035985,0.00673499596505827
"433",-0.0451781291181715,1.00791076661373,-0.116391914079215,0.0483428980601503
"434",-0.017523054781518,1.01344714868796,0.133206228135306,0.0965982606972279
"435",-0.00254080217605009,1.0057650495441,-0.0878063199885965,0.0620756397832601
"436",-0.0663857572624945,1.0083746054853,-0.121059808510617,-0.0465173919197245
"437",-0.28740508441402,1.054840579252,-0.240013652872411,-0.234695747876965
"438",-0.0362623813741257,1.00932535776547,0.0532646904917637,-0.126097385282991
"439",-0.273738316896765,1.03346501948882,-0.185283022784158,-0.183630465813793
"440",-0.180082518839068,1.01562681059917,-0.156045913853737,-0.0845428363457692
"441",-0.064540997839223,1.0038665797735,-0.0756658942624304,-0.0449753536019316
"442",0.215745334470422,1.01294977938334,0.114278917425211,0.114050798264942
"443",-0.183255097159619,1.04453935920224,-0.206797881964264,-0.219766032265483
"444",-0.352506327573992,1.05210827847335,-0.303742040979887,-0.121130517102533
"445",0.78686936293891,1.34890505918827,0.643334242188716,0.63691907769448
"446",-0.191379613367418,1.01437993317192,-0.147476710393367,-0.0849545096708259
"447",0.0468871865531481,1.00220975098769,0.0274772553584515,-0.0605754522291567
"448",-0.368838048848857,1.08216268970213,-0.287385214856764,-0.297465670733752
"449",0.327582383715698,1.08585246183699,0.320378121525863,0.276465961964613
"450",-0.278411720206863,1.06859111681032,-0.230740600382138,-0.297734361908748
"451",0.135980576048698,1.00138987713268,0.0305412129477576,0.042999073658355
"452",-0.1376493334604,1.01815440705869,-0.182364889451324,-0.0581501823594817
"453",-0.0136407336885532,1.00025304569301,0.0105865080439873,-0.0198514801860302
"454",-0.554111325641786,1.13085487271655,-0.291738210201679,-0.44013811452211
"455",-0.182176614039497,1.03394713223078,-0.242650595548154,-0.100833331435465
"456",-0.33602195157603,1.11753990266503,-0.313222260164582,-0.388313339696119
"457",-0.100324055233998,1.01918199684081,-0.0788583628754007,-0.180314451137551
"458",-0.0759464993803148,1.01503819075788,-0.0643283517755639,-0.16175410923641
"459",0.607441473080435,1.2452762737258,0.53897863912257,0.510112756627402
"460",0.11347667037733,1.01554887619635,0.169745629815516,0.050258741550041
"461",-0.0965114023908051,1.01092049873081,-0.147465740673585,-0.0146325008710886
"462",0.233135090467911,1.04946009491462,0.187455440182392,0.257345970950073
"463",0.257566250877916,1.03581449924965,0.150839451280201,0.223962355750444
"464",-0.262698375329587,1.03810530517364,-0.161068867113319,-0.227419094793054
"465",-0.222212757199156,1.02645299783038,-0.0662481036387775,-0.22184892499004
"466",0.285313131380068,1.03294571932118,0.196836156298987,0.168024958376369
"467",0.0754387283420104,1.00056437416384,0.0207894878195346,0.0263981825526353
"468",0.096553844915504,1.01439459097631,0.170105192931633,-0.00778521288602239
"469",-0.0528048085442676,1.00137925944391,-0.0227192155031575,0.0473736054290919
"470",-0.0629525643997876,1.00165458871102,-0.0488824937006561,-0.0303713169857969
"471",0.0646349188074054,1.00167240521268,0.0257988433440234,-0.0517882906328329
"472",0.346702519989999,1.06713004798753,0.163922078122216,0.334508731757436
"473",0.0592920224721953,1.00720978647513,0.106964018283384,-0.0550477316876624
"474",-0.427013697498041,1.09409473609894,-0.392243754472405,-0.207817536884652
"475",0.283133502844249,1.01972785498156,0.175930303224144,0.0943049661086344
"476",0.0215266011658526,1.01011855002446,0.0938812948864471,-0.107358220802896
"477",-0.246284500586606,1.01950991772391,-0.0971966867418447,-0.173070148852497
"478",-0.348415596307875,1.05166495848031,-0.210115154225368,-0.248698224481476
"479",-0.182695196681174,1.0333732267396,-0.217455521846665,-0.143434032783745
"480",0.279907300492264,1.01551856936984,0.132895893754455,0.11669038588581
"481",-0.145450188188717,1.0088077394947,-0.132856835722548,0.0064897200393572
"482",-0.201915360026321,1.01434084999344,-0.152931056993493,-0.0741582886282402
"483",-0.103784798881583,1.01546970366635,-0.171004802347846,-0.0440008708799444
"484",-0.367091388202627,1.07723641818985,-0.232840925229639,-0.325919321631451
"485",-0.181785816090211,1.00757120925997,-0.121674003705073,-0.019879098369404
"486",0.0744826194603935,1.00625785035031,0.0890627385791877,-0.0679903668794203
"487",-0.142275245712154,1.01702085579717,0.0235929760468944,-0.183779195252485
"488",-0.010174959969367,1.01061462358596,0.114195466077808,0.0911115411627893
"489",-0.0790649513674228,1.00786551679961,-0.110223083002084,0.0603636639648343
"490",0.0416440206164314,1.00260460381821,0.0696460278294215,0.0191160248233739
"491",-0.298731877967058,1.03951004709718,-0.171282083765816,-0.226370461405257
"492",-0.39120716039813,1.05890083970818,-0.264478351091331,-0.226544013689852
"493",-0.346375776543517,1.0600234884912,-0.264131230208627,-0.232130328439723
"494",-0.0921638533372572,1.01238976117915,-0.0501848363696364,-0.149714764598989
"495",-0.351586743059007,1.0608323838308,-0.234833095306375,-0.264988233574577
"496",0.212935479012474,1.02988856741062,0.144240062686792,0.199662879873068
"497",0.277737091791952,1.02247899215048,0.080663684640677,0.197374414170749
"498",0.065430797663278,1.00629362242248,0.0582422444913769,0.0960973229843906
"499",-0.230977358826715,1.00310652388668,-0.0487002301143501,-0.0620563119337963
"500",0.168930375058334,1.01137560349215,0.0926968383136443,0.119532035479048
"501",0.0569152395105661,1.00358169753984,0.0837560041329149,0.0126947000213771
"502",-0.314492490784142,1.06305032073927,-0.147564846200414,-0.329090565938473
"503",0.110137113332614,1.01078003891414,0.108827059831981,0.0991612732653509
"504",-0.0568017675426118,1.00382926049361,-0.00564101145839106,0.0874148912535595
"505",-0.219796832302112,1.0192731854323,-0.196327965847637,0.0193172556909648
"506",0.226210259850205,1.0375512304378,0.218649895295034,0.169424847854322
"507",-0.259723135335648,1.01843594375581,-0.141629100917148,-0.130969344913939
"508",-0.159245841415402,1.00194158045835,-0.0560944720676598,0.0272092053323726
"509",0.041401947933951,1.00389637593531,-0.0796005310925307,0.0383625998314656
"510",-0.183672450523627,1.04077601008858,-0.263827582224554,-0.116660661893592
"511",0.530746100683661,1.15581077689302,0.372169781220243,0.444283924904477
"512",0.00877755321722349,1.00183898603338,-0.0578705308288819,-0.0182306225336743
"513",0.406014705742892,1.11116588525644,0.410125797537703,0.257849674717232
"514",0.29114959288251,1.02733267363207,0.185028649645352,0.14552257942479
"515",0.0759704421161546,1.00107277963546,-0.0220255361275823,0.040762554941434
"516",0.263204961168292,1.06240804462908,0.152362859567282,0.324802112550204
"517",0.157572821718755,1.00790453321925,0.0701526084485768,0.104643010334039
"518",-0.397656509168012,1.11629149375941,-0.352893889198307,-0.348672628702206
"519",-0.113040627471568,1.00012870792932,-0.0128839197663598,-0.00956227147844183
"520",0.00722300215085679,1.00660186094566,0.104969006340632,-0.0472103184392391
"521",-0.0178851085782582,1.00021307127629,-0.00444444650786452,-0.0201602293437787
"522",0.552859817006981,1.12196827734047,0.317620642021945,0.397404004911759
"523",0.315222391761201,1.07531002516739,0.220730764955614,0.327978016988338
"524",-0.116841002369507,1.00357432864921,-0.0669501644532296,0.051760106292452
"525",0.0834192843791776,1.00488684823343,0.0643806253961089,0.0751845251771651
"526",0.173817752850408,1.01349880735844,0.11202918358832,0.120951620665074
"527",-0.248512395732453,1.01499604307108,-0.0875552678814012,-0.150170045335854
"528",-0.133659519831824,1.03777726305494,-0.104279823797399,-0.257113527576033
"529",-0.0905789451898852,1.01307121188856,-0.162206073863543,-0.0015716103596908
"530",0.189112896101759,1.00935478107783,0.0760861770207403,0.114052478057464
"531",0.300681335488518,1.08252688554704,0.38193240484785,0.161220644023343
"532",-0.0949968225593396,1.00572514145472,-1.15000269149455e-05,-0.107159040784584
"533",0.150972216821588,1.00710491545493,-0.00892903690433272,0.119082253226287
"534",-0.122211070443792,1.00341818349697,-0.0639023718335657,-0.0525788726238878
"535",0.436822560733774,1.06266456919645,0.282780594738827,0.222016039656227
"536",0.173723963805994,1.01250767794529,0.147283700830663,0.0589856708683697
"537",0.250743931296875,1.07518392509454,0.367307314420308,0.145278386400171
"538",-0.0423770489118808,1.00106969442281,-0.0402344696835046,0.0228412027059786
"539",0.267736538409309,1.06376989862297,0.214354512326999,0.292674802915066
"540",0.209665750257637,1.02000475933173,0.0283302896865079,0.19901533545346
"541",-0.266256369182392,1.05625713543251,-0.250584167964221,-0.229971108876235
"542",0.0153258055832973,1.00034142170405,-0.0260299094641351,0.00232460538042047
"543",0.281423514485834,1.01039876062885,0.0652271158920832,0.129039059329755
"544",-0.0456106754629859,1.00119772559168,-0.0367391043384556,-0.0323592945281056
"545",-0.243482913933142,1.02836989828128,-0.102569599898197,-0.216850466607245
"546",0.512818813624513,1.15290709582888,0.392603780011634,0.418398187774705
"547",-0.771132233524568,1.30495791727409,-0.538936809353805,-0.642232264356023
"548",-0.177149754654377,1.01089474807908,-0.0801037383452158,-0.124465187088574
"549",-0.576367827083976,1.13697042008862,-0.279059873784458,-0.463494684974815
"550",0.454744619552047,1.08675311169781,0.283792560796243,0.317008057029444
"551",0.0384150046400019,1.00196013186751,0.0285708412908845,-0.0557477612096034
"552",-0.0275056949412986,1.00166446307187,0.0552992571188501,-0.0165435408290057
"553",-0.489285711398367,1.09737628921344,-0.262858349724224,-0.367614210971386
"554",0.124619710119772,1.00629095062446,0.100773984568468,0.0496596550821997
"555",0.328633677461468,1.0321727998167,0.0589031828059734,0.24881941993496
"556",0.302388476159649,1.04529038497969,0.241174457208997,0.185652552153058
"557",0.265841037984294,1.0399605913337,0.144824584903627,0.24605664212663
"558",-0.159386826767793,1.03200169818829,-0.121629635813488,-0.224128839633344
"559",0.117425916577986,1.00510312428564,0.00270630633299204,0.101118575715762
"560",0.231956380741077,1.00398443889219,0.0175562464308551,0.087615819056392
"561",0.118826001471998,1.02168901920703,0.149200211572876,0.146927699345034
"562",-0.0257306680548849,1.0138924691163,-0.157158089001387,-0.0572649455791931
"563",0.226473561069388,1.02212452586385,0.137111428822908,0.161055898552459
"564",0.0641182714740062,1.02094763733698,0.183778513075707,0.0925177621629375
"565",0.161391476118885,1.01611273881265,0.147582731966526,0.10346224046792
"566",0.0879554502189923,1.00202067251842,0.0634588884851834,-0.00428924544461204
"567",-0.0322427476205423,1.00953131538265,-0.133402916018093,-0.0368393639478855
"568",0.325622252966808,1.03468470548211,0.14270029667456,0.224073793843876
"569",0.321319452916929,1.02820643524856,-0.0151514770114067,0.238702547600393
"570",-0.308420842074949,1.03666354273739,-0.234358202559889,-0.140525918370035
"571",0.109694797405132,1.00865098146176,-0.0437695269752177,0.124342393865237
"572",0.0482141868535102,1.00389904462569,0.0881979147661119,0.00586682463305028
"573",-0.123130928176578,1.04271288266714,-0.204823660670822,-0.212831914217371
"574",-0.287092313322052,1.04227941846245,-0.164922431891663,-0.243201516461901
"575",-0.257176516171802,1.04955598227315,-0.189439436338096,-0.256281992900906
"576",-0.211370501232812,1.01486627290178,-0.135702148990282,-0.10741731067653
"577",0.437119282868471,1.14053354745488,0.4561151771897,0.304591066853931
"578",-0.123853223434831,1.00190358275034,-0.0344528376517896,-0.0512229548708187
"579",0.0281732731583973,1.00454403899508,-0.0922157707152317,-0.0245962987447477
"580",-0.0545123301681844,1.00258860879601,0.0617026919560345,-0.0371038581943541
"581",0.0329258622137087,1.00130329199925,-0.0294310241819621,-0.0417384401257425
"582",0.373834569368216,1.08711575758425,0.270567273483798,0.329566413500423
"583",-0.188590665796562,1.00912124361913,-0.105194607109454,-0.0852043365005758
"584",-0.0968164289885735,1.01063164553614,-0.125984708533512,-0.0741901352931016
"585",0.124345419983028,1.00039628998863,-0.0247576280626655,0.0134088357331607
"586",-0.191510100020787,1.02809821125753,-0.139280577949917,-0.193873290055309
"587",0.32870654312379,1.05142641167385,0.167853700609309,0.278069477571911
"588",-0.176178194347476,1.00600863326612,-0.104089586996258,-0.0349102862336082
"589",0.471446424488873,1.10621835634365,0.262479902071741,0.393475987729938
"590",0.13261623574201,1.00879432944805,0.126973302513154,0.0392909604801182
"591",0.142063368639906,1.0221848330917,0.129995635343656,0.16722131381584
"592",-0.398108613710756,1.08823653375058,-0.255130496512785,-0.345206001017669
"593",-0.274857502363618,1.05278802878199,-0.268627397990157,-0.19026811239855
"594",0.494609034035789,1.11367423453804,0.286858804741468,0.397469906805758
"595",-0.0751559024541745,1.00662389392766,-0.0476245155207276,-0.104993187148047
"596",-0.0210170333782681,1.0003580456592,0.0228476833058536,0.0139356694370709
"597",-0.276444383499151,1.0606653552965,-0.241405562490318,-0.258329925337711
"598",-0.077498003982966,1.00120113793426,0.0440481804002784,-0.021528502137213
"599",0.180657304046399,1.00900569379646,0.0853076197150418,0.103995673622701
"600",0.482346640996345,1.17853408105007,0.459414752112408,0.421759013819547
"601",0.324965359972257,1.07003806528774,0.194700466149572,0.327220399189714
"602",0.227790224891019,1.04302842222674,0.207338027216126,0.211941576956771
"603",-0.128271780637753,1.00025127944603,-0.0204297803467808,-0.00923288191176918
"604",0.0763000104055844,1.00292006963563,0.0479008551646742,0.059616894857375
"605",0.287966860945549,1.02947538077955,0.242202180187086,0.0340244550847775
"606",-0.17755655415794,1.0393989714574,-0.148525057700959,-0.241434316329794
"607",0.259432386025124,1.04918273954833,0.209511775169202,0.238514647415201
"608",0.112829386249004,1.00810933230647,0.127545231201277,-0.00407920105102664
"609",-0.248124515491226,1.04424681615284,-0.193218323941595,-0.230473626123564
"610",0.28509986524073,1.08359258210827,0.365751564563348,0.200994221358579
"611",0.474307729195103,1.09772044529282,0.365240336638118,0.267562464681328
"612",0.0659569630482527,1.00161065289015,0.0366684657642605,0.0433511660919533
"613",-0.244255289668745,1.02916566664064,-0.17817898643443,-0.165632781130629
"614",0.0238029008757605,1.00609273061312,-0.0908197790079644,0.0630424486636435
"615",0.00495470843555995,1.00911003331927,-0.0871455021722477,-0.103482949304573
"616",0.212334449331406,1.06550867877147,0.286627043774336,0.230550823712479
"617",0.218541500055327,1.03193249798443,0.139815005070483,0.2129235655195
"618",0.0934590809524336,1.01774383566923,0.150525238741445,0.114650196443602
"619",0.0523778326698341,1.00829012743349,0.00576868048656971,0.128901913892999
"620",0.250937365945631,1.03913929740143,0.157544732546062,0.234499758317397
"621",-0.199997553452378,1.01714408275988,-0.141959428693353,-0.120123293738135
"622",0.0687799649930273,1.0014411767819,0.046200995800335,-0.0273842754398353
"623",0.29593533331689,1.05050546804372,0.114803611899244,0.300635774791758
"624",-0.0978174521268698,1.00661006837365,-0.00618382452813878,-0.115002565473166
"625",-0.0542491130821635,1.00182682916859,0.0265236666864355,-0.0543460278906499
"626",-0.0834500978928616,1.01404893405838,-0.14426855011904,-0.0864975497426313
"627",-0.0345327957658793,1.00456243776614,-0.0791317160279814,0.0537016097440951
"628",-0.161582174622212,1.03656185412539,-0.232892565585257,-0.142202427275276
"629",0.478928403392118,1.14128754184058,0.33182324556726,0.438669108624863
"630",-0.126223333508446,1.00564733835178,-0.105034770681604,-0.0171541855501813
"631",0.169113087673029,1.01297798898546,0.0969708255364901,0.129309957713253
"632",0.248678809871842,1.00001585556488,0.00406882503879699,0.00389307641442395
"633",0.464145094849117,1.11535326649835,0.271486254450544,0.412684047102566
"634",0.0121094429016143,1.00068838651635,0.0312263053233401,0.0200540460890082
"635",-0.242836722571123,1.04178834315662,-0.197825728842779,-0.21491378025813
"636",-0.337567268041172,1.04281509965942,-0.0928901634501062,-0.280775265313567
"637",-0.604685666806072,1.14086191799502,-0.42892607435098,-0.342911561008272
"638",-0.214397606527374,1.06955347523604,-0.229568095702078,-0.302064770910516
"639",-0.150121952667751,1.02672379877961,-0.0532477995636736,-0.226553373009668
"640",0.425334411478426,1.10715833687915,0.314272063967167,0.356416403565859
"641",0.178190141245018,1.01803863317063,0.0348882132570969,0.187577907024383
"642",-0.111095098874156,1.02707174660954,-0.0301959614163054,-0.232302769242445
"643",-0.0440284387706302,1.00751087638017,0.0712546801233369,-0.100004682814681
"644",0.251475669942945,1.03114695786739,0.214451499111288,0.131432884956938
"645",0.0161901085170489,1.00143429895832,0.0524824488593729,0.0107818222883749
"646",0.13042647223532,1.01200755297335,0.102444137079184,0.116895192600938
"647",0.473898620879562,1.13084376477382,0.454956754561345,0.2679962160308
"648",-0.124474076628795,1.00308259040027,-0.0782461777650146,-0.00722625970244006
"649",0.270961989347472,1.04050423939152,0.233368386425276,0.167893622299939
"650",0.128469863642379,1.00889906815571,0.0528886167290113,0.122801156126291
"651",0.446153397302661,1.14133451544714,0.359591496247849,0.416339323121409
"652",-0.0356995114706162,1.01766742886807,-0.15419122596,-0.108958990523493
"653",-0.392664182092464,1.10225896171018,-0.300019752752737,-0.353501013617485
"654",-0.109656425826354,1.00545791491192,-0.0704876119109282,-0.077311805218353
"655",-0.142865274622587,1.00554980989706,-0.0497477923532217,-0.0930353553225318
"656",0.282958739251761,1.04928704307641,0.183692391528547,0.259346108631977
"657",0.252655087716079,1.04118142932107,0.267333863241171,0.112211293226772
"658",-0.0333556152490033,1.00121114712858,0.022655553884157,-0.0437091181875701
"659",-0.151190205348291,1.00476067752477,-0.021070918324779,-0.095394106217227
"660",-0.56363949640982,1.20940494574119,-0.513357078399095,-0.446234056119422
"661",0.235876352611718,1.02484496064713,0.150082705377293,0.166680457494129
"662",0.275228447792729,1.02444501016384,0.106408279596515,0.195358278255341
"663",-0.407347490210127,1.07770399173763,-0.272889378674387,-0.294919108933178
"664",-0.121110404296607,1.00743936648783,-0.0125747901313538,-0.121556372940886
"665",-0.0356346294215005,1.01094103344622,-0.14832255082015,-0.00148122365659451
"666",-0.111588614531085,1.00733222473279,-0.0621400981960413,-0.104196061256135
"667",-0.113266456588438,1.00397950028822,-0.053205184821227,-0.0717220001611775
"668",0.208737544959278,1.01799566541433,0.0972543892201171,0.163880317853592
"669",-0.179681849210612,1.00765207679934,-0.0849393396004088,-0.0902663639805856
"670",0.252523730065216,1.03887802091012,0.1356096752545,0.246733780231834
"671",-0.116159712356004,1.00715120517675,-0.076931753921274,-0.0918425572791908
"672",-0.239242694827935,1.0214235809561,-0.136372552345187,-0.157189881035795
"673",-0.125957184182768,1.01910663100132,-0.160606986902038,-0.113065118887787
"674",0.0106286097613446,1.00035083711833,0.00409214166965513,0.0261734923138384
"675",0.182946731243114,1.0086111724425,0.128703862106647,0.0270520434473453
"676",-0.240751652214267,1.01914604255275,-0.19376465080971,-0.0333753823577925
"677",-0.246149997229213,1.02872947263106,-0.090934995878183,-0.223640681416449
"678",0.178588790757626,1.05713756543871,0.173862321329858,0.29548557576214
"679",-0.167650230077179,1.02680005292258,-0.171746828380037,-0.157548010533957
"680",-0.128813764545152,1.02114723917775,-0.132576005581554,-0.158635704758993
"681",-0.479768037886243,1.17659889028367,-0.458302848887822,-0.417544545309912
"682",-0.0331182673927083,1.01082115961229,7.57125879192376e-05,0.147510714822817
"683",0.0321616910458358,1.00062239677223,-0.00360102231218053,-0.0351028996025721
"684",0.200955263382432,1.03714724669127,0.217730707945781,0.168130158320025
"685",0.231068152051025,1.04308874569595,0.140733844255286,0.261205123377537
"686",-0.157930904581626,1.025691717904,-0.151850510331949,-0.17024958939389
"687",-0.0611226073013567,1.00278635393204,0.0345664049646161,-0.06622412913838
"688",-0.239303566136372,1.0291462691991,-0.114066719468076,-0.21478088117014
"689",-0.102942611491632,1.00530974681644,-0.0727975134330579,-0.0731314507041296
"690",-0.360520345170126,1.06024829654932,-0.172825956440569,-0.307014069899303
"691",-0.194557835964205,1.03738308250322,-0.176833462634606,-0.21188106653627
"692",0.313360934793273,1.08124850346171,0.298781002422515,0.282538915602066
"693",-0.263692959379607,1.05930631105417,-0.283775631228518,-0.203963849149912
"694",0.134927386813761,1.01818923739588,0.191583840216966,-0.00222605402720547
"695",-0.0466520146878605,1.00525633252574,-0.102241149595486,-0.0093295987318304
"696",-0.238649889222426,1.0120034442522,-0.127792434884213,-0.0884311300656426
"697",0.0222836073990784,1.00073206956541,0.0357461510063698,-0.013670689262092
"698",0.104918133864283,1.0073093686458,0.0747284766307649,0.095330052669857
"699",0.202697520842326,1.01202899850496,0.0980617656777113,0.120774930871936
"700",-0.0465484127336926,1.00725151678784,-0.0958130859868674,-0.0733176010592353
"701",0.312082191726512,1.04661742763655,0.250007006479593,0.181396076428538
"702",-0.335828773516636,1.02659507184888,-0.156920270333535,-0.171094916063737
"703",-0.192326986217748,1.0170237674653,-0.0494404242188291,-0.178586080203275
"704",0.332262810330748,1.06542382024376,0.271443367382884,0.247883874115799
"705",-0.386739296534156,1.0502448903384,-0.207330212558252,-0.245007168553244
"706",-0.032615497590901,1.0043344091672,-0.0916488468292775,-0.0169733412177299
"707",-0.0545204884588491,1.01178857250611,-0.144145895429925,-0.0542040246167834
"708",0.176726481907024,1.00263467589889,0.065848364575512,0.0306640864465321
"709",0.169356728727197,1.01388452680835,0.113821270666313,0.122501232831775
"710",-0.134694054156146,1.015191505094,-0.165894080596733,-0.0556142611025917
"711",-0.397701447541217,1.05521456879124,-0.263663437727332,-0.209664917893036
"712",0.0574902800273988,1.00264813109652,0.0515159380921425,0.0514721566852672
"713",0.419648915090145,1.07557969317752,0.342468672438116,0.198964531447993
"714",-0.011375215155159,1.0012696212209,-0.0494598637414405,-0.00972503257192736
"715",-0.415657734169181,1.06989925322275,-0.245073384343467,-0.29090109716711
"716",-0.297509406873241,1.05582997083507,-0.24350175916842,-0.235550038411086
"717",-0.447536998711908,1.12097902644211,-0.329452662986809,-0.384779054229832
"718",0.299312444245507,1.0678609507453,0.270979154736711,0.258645138799944
"719",0.033701097357732,1.00634083586032,-0.1072462653152,0.0349301659885293
"720",0.297968707423456,1.0621312218039,0.314921574961995,0.170138572799087
"721",-0.0337648117189687,1.0005755386723,-0.0339009247841182,-0.00146146780480575
"722",0.0825356947323715,1.00155165517222,-0.0323362841100416,0.0453881340018968
"723",0.172375977328559,1.03886320185947,0.179409192511878,0.216908030787103
"724",-0.182976475629104,1.01330303188925,-0.066589819378867,-0.149495252068555
"725",-0.00587903409763096,1.00758238359233,-0.121223275444863,0.0229603400677611
"726",-0.0412883374209052,1.01329818408187,-0.114707760784866,-0.1166847868376
"727",-0.109447790414266,1.01215940477198,-0.144779756357389,0.0592071179628529
"728",-0.463706070209623,1.09791787124971,-0.3080740682309,-0.332436490916912
"729",0.0193711564236795,1.00899789101309,0.00165058241692596,0.13443965057436
"730",0.330525502187468,1.08269612308167,0.364528748550939,0.198367553838741
"731",-0.185999204768365,1.01585387468265,-0.161712695844979,-0.0762108831487397
"732",0.11901009574822,1.00801791238457,0.0307806104616904,0.123096164472103
"733",-0.628125601616811,1.22183622896331,-0.467387871627563,-0.523862909416893
"734",-0.144193868939692,1.02550167251825,-0.226033914672372,-0.0237139148098386
"735",0.0191696707828015,1.00772033226803,0.103745770146496,0.0688264719646163
"736",-0.160201776597932,1.01446175697054,-0.160723666873982,-0.0574504940130333
"737",0.278066288687963,1.02850098733286,0.159761465988521,0.17969572874688
"738",0.115443127997441,1.00102075824414,0.000406941854427039,0.0451928405171581
"739",0.0579396055888833,1.00090848927876,0.0414965711900313,0.00978971346681606
"740",0.0588543961065545,1.00565106632645,0.106136680986414,-0.00831096581132281
"741",-0.0243691718918639,1.00747298451459,0.117134968128415,-0.0357940465482183
"742",-0.0855871656247422,1.00916544587245,-0.0944948298954547,-0.0973941695686254
"743",-0.1447475432809,1.00112627337533,-0.0474382081892035,-0.00185247029017398
"744",0.233802306704018,1.01675196105981,0.115493935874406,0.142988464902639
"745",0.0294454283176749,1.00342268123443,0.0683792147131114,-0.0467050341068188
"746",0.105023533212833,1.019662404102,0.063985726126712,0.188725316773099
"747",-0.0329293932662025,1.00064628510915,-0.034354518974877,0.0106186123734896
"748",0.423440760457007,1.10238725627518,0.388941788865408,0.252946531251362
"749",0.0210495040060822,1.00891998898954,0.0811984618432943,0.106425344617421
"750",0.0656747943964673,1.01202251980573,0.152166492581961,0.0321704698324521
"751",0.696758034068099,1.20186234946782,0.477066232459916,0.465704752944196
"752",0.391139665405229,1.05511282317115,0.241611242467158,0.234279911929466
"753",-0.199036303087695,1.01116759381794,-0.0469914299784701,-0.142308496921802
"754",0.367030956187528,1.06710207754564,0.327725082770941,0.176926860665628
"755",0.271147276527397,1.0316246326821,0.159353721492276,0.197118680502481
"756",0.471930281686266,1.13280700721964,0.43423478816344,0.307720432136991
"757",0.180558312608125,1.0501968568549,0.121460076946235,0.296918992077185
"758",-0.206721921367902,1.01196746584156,-0.0749670305793822,-0.135860576503638
"759",-0.036287159602661,1.00167462044566,-0.0529549141043668,0.0234056043961032
"760",-0.0974158635574395,1.0005080363679,0.0265458804084399,-0.0176535285448228
"761",-0.46636697976644,1.11080054718027,-0.35225161946397,-0.331355778885776
"762",-0.00281038524465885,1.00154784652294,0.00902297105045223,-0.0549242648396002
"763",0.573727692844198,1.19285548835887,0.432168782816207,0.485936579470041
"764",-0.391477363340077,1.04326648865126,-0.157789194798886,-0.252007016464732
"765",0.0857689108299359,1.00030967353323,-0.024309445076618,-0.00533796255317288
"766",-0.340650739820778,1.09623327577045,-0.364583408796854,-0.262309612741262
"767",-0.123761890236598,1.01005647654058,-0.0863666818263981,-0.112937514014898
"768",-0.0795900528898822,1.00176536379559,0.0520983732735515,-0.0286287198938429
"769",0.522494334336143,1.0000090875795,0.00421203745007681,-0.000658773185006855
"770",0.295927968058631,1.04753576531773,0.20580183865651,0.234471283583726
"771",-0.0804740218180263,1.00507064491174,-0.099789768137115,0.0144569512154072
"772",-0.0088287305712148,1.00312336876289,-0.0782910360423338,0.0112697219850462
"773",0.281572861956984,1.04829393270149,0.225587759160091,0.219158235656061
"774",0.081180370912025,1.00043975649305,0.0154137960021971,0.0253401117731428
"775",0.0966440713630298,1.00536156923935,0.0334485382573346,0.0981482561834432
"776",0.0162173769553123,1.00097953175148,0.0160009010547,-0.0412794640329951
"777",-0.136874702034166,1.00371929707512,-0.0702635808912021,-0.0501543270448506
"778",0.211404676800991,1.04131395499653,0.118782223229761,0.265001011913368
"779",0.0366478521888689,1.0006928784916,0.0212401004247572,-0.0305793263128974
"780",0.212068449416021,1.01489661683754,0.164815725987689,0.0533940009312417
"781",-0.240779119218334,1.08571172990191,-0.258339522283894,-0.334709802176033
"782",0.136741544272382,1.00198348829178,0.017592774743313,-0.0605095454138304
"783",0.0913864098247088,1.00290772007743,0.0183961498693448,0.0740640038135253
"784",0.354929320106829,1.11507873240109,0.273257165158591,0.410768914528253
"785",-0.435387539718831,1.17870119336325,-0.564844396339401,-0.265117542158042
"786",0.0335892624487264,1.00006125930552,-0.00157654013459925,0.0109561345802667
"787",0.152975625836377,1.01319029305025,0.142702947321814,0.0786793413604429
"788",0.0235858750501555,1.0062042976602,0.0443328703814266,0.102380101746361
"789",-0.390309896865863,1.03896423788045,-0.100055401464588,-0.263506364690239
"790",0.169286285805346,1.0034992562668,0.0581167503338922,-0.0602760371842662
"791",0.147877727709587,1.0056066896853,-0.102913169635342,0.0255674374044832
"792",-0.0690002544182809,1.00372943588991,-0.0552166280843179,-0.0665124383470279
"793",0.104975838161532,1.01337880541669,0.141453928296893,0.0832309403836391
"794",0.0431978650604263,1.01604178938592,0.0668975238220219,0.166930042487951
"795",0.315401357872825,1.0409291940837,0.174782129741918,0.230184261448542
"796",0.293930397406722,1.0269038422334,0.114943102243218,0.203272192983764
"797",-0.338109784207287,1.08870736711167,-0.370816689792708,-0.218583425205145
"798",-0.147670893629974,1.00246385631456,0.0450891513881488,-0.0538586264600444
"799",0.0985163446030368,1.00236269744769,-0.0681203982490095,0.00951780316117442
"800",-0.415678172051246,1.07480971431834,-0.36322940290401,-0.152578906992622
"801",0.324517829134336,1.0327201458125,0.21553565833613,0.141616664106318
"802",-0.0984329935454997,1.01089352468082,-0.147555402338564,-0.0115378283184844
"803",-0.120088469841684,1.01990756812018,-0.164511671070208,-0.114661927380021
"804",-0.34373991716458,1.07957359545464,-0.329102366923656,-0.239104119763956
"805",0.00134141977988727,1.00269944365744,0.0731344924369301,-0.00758421564377857
"806",0.0060114162751069,1.00094969768299,0.0323164908367967,0.0292564815325103
"807",-0.00127606067718535,1.01208870057107,0.111019906471952,0.109535921918817
"808",-0.155025283306574,1.02728055573328,-0.235108421858397,0.00541942422578134
"809",-0.481128477055717,1.1702985060616,-0.459280752614032,-0.398321206525963
"810",0.0346404701194057,1.0043601183188,0.0367622510460734,0.085952220258624
"811",0.208190000114507,1.01177938434164,0.113886486949934,0.103573117501333
"812",0.0461191876129001,1.00592471558931,0.0151235971875743,0.107962077793725
"813",0.00652908914890115,1.00632001004539,-0.0839199017021271,-0.0750827058386762
"814",0.293325580420702,1.05857218337475,0.254919703717821,0.235777463026485
"815",-0.0475159681720668,1.00975429407295,-0.0209577524516162,0.138435931068962
"816",-0.0594749923123128,1.00199371125126,-0.00913552753158471,-0.062513514729215
"817",0.487231314694944,1.13761599978936,0.392032597292624,0.37480742473535
"818",0.192494490422062,1.01642778851401,0.0967837652082831,0.154137445338882
"819",0.0539057745625271,1.00182950830709,-0.0190895404207107,0.0574278082583561
"820",0.255635347103958,1.02027163643678,0.198454887793627,0.039621580334603
"821",0.132331663013488,1.00109356007749,0.0264626538689204,0.0385751730889432
"822",0.0994436130281704,1.00521466139128,0.0434236480905377,0.0925791675405219
"823",0.0828180674033257,1.0117196327088,0.105531546311159,0.111533438670185
"824",-0.0689514284669234,1.00556379196929,0.0669525213348744,-0.0817061785090466
"825",-0.0398870490552761,1.00039144413978,-0.0271965027134892,-0.00658724132096877
"826",-0.322891076283225,1.08076271189414,-0.305671942125595,-0.273153259577723
"827",-0.274929203112991,1.05272771352877,-0.113957552609463,-0.308624877537088
"828",-0.036632371053321,1.01019355747422,0.00770813790842059,0.142939176478683
"829",-0.020209797411732,1.00035891819002,0.016212003259582,-0.0213339202354115
"830",0.0736710674595595,1.00580271418862,0.0909115898413059,-0.0580877155835592
"831",0.11208265621068,1.00053781013057,0.017686501677214,0.0276242132790947
"832",-0.0542273836342732,1.00007094718694,-0.0115665136988524,-0.0028487134353994
"833",0.0982289909522358,1.00854353466963,0.0779492393363419,0.105280470225
"834",-0.0220765991107248,1.00431111717645,0.0711891295463724,-0.0597739735891896
"835",0.585556335703867,1.16513770798027,0.421406699299353,0.42421960391187
"836",-0.41659114185032,1.07146623119927,-0.317431692992934,-0.217432759454512
"837",0.069952002944228,1.00611089543916,-0.109151076214708,-0.0185789257644448
"838",-0.412709511826904,1.08420224321029,-0.358490047495439,-0.216747295320937
"839",0.403206478081702,1.11458286800926,0.382395434177235,0.309949514566742
"840",0.0210120312958302,1.00110572931521,0.0470097583636599,0.001662494010824
"841",-0.180902528986969,1.01493398992489,-0.0932666499175832,-0.14626119074456
"842",0.306950057561076,1.03453434589173,0.226646517180502,0.137450605962946
"843",-0.0721659929593663,1.00954080587449,-0.112243423406138,0.0810805317433804
"844",-0.145830183089616,1.00913987549214,-0.069574935275409,-0.116286786393452
"845",-0.431807534995498,1.16217828802392,-0.432731348569721,-0.404230074486354
"846",0.322593746455382,1.07651241761643,0.275695491273445,0.28787320363984
"847",-0.579168702652903,1.16312943865863,-0.473055170761674,-0.359289432755792
"848",-0.226012326293007,1.01298279753178,-0.15675462048792,-0.0395238795033929
"849",-0.264093510406007,1.06564227262223,-0.272912782931793,-0.247208547813174
"850",-0.0901638891475464,1.01633553056392,-0.134880865521356,-0.121429250194749
"851",0.11231450552024,1.02596701169894,0.211904428566589,0.0877771168831807
"852",0.0748084912767885,1.00559938058181,0.0678387324899339,-0.0814126562684276
"853",0.113187703117581,1.01109111386809,0.0774066559685572,0.127724117357628
"854",0.284590368802301,1.04978239145987,0.279086685227845,0.155414579585486
"855",0.329010519000149,1.10155123129989,0.321374002440077,0.331864227861269
"856",-0.583622843926054,1.11323938214993,-0.353290225275228,-0.338360663633551
"857",-0.320080681615759,1.04597797075305,-0.249007019336023,-0.179068198243179
"858",-0.224125676150564,1.010500868966,-0.118801052383199,-0.0836559390221403
"859",-0.221945992749159,1.01373239087764,-0.0620326078313832,-0.15428971410997
"860",0.127298599974677,1.00310735870775,0.0781856220864516,-0.0105537477984994
"861",0.0152480402205198,1.01860907902066,-0.0311569114490651,0.191294805816222
"862",-0.0768119855895263,1.00555684303958,-0.0962451989913036,-0.0433754107167657
"863",-0.188520525545347,1.02037354301166,-0.185073820277656,-0.0831254974481982
"864",-0.221096727310675,1.02444395520809,-0.184849660631568,-0.123757910158463
"865",0.238042657778778,1.03085353768716,0.162137975487606,0.190709971073641
"866",-0.128360529947309,1.00907444328885,0.106573790186849,-0.0829051225432376
"867",0.121592836898196,1.00524068960735,0.0307803514486958,0.0977824831294525
"868",0.0351156193693138,1.00423489867505,-0.0490822358248106,0.0779657991899611
"869",-0.289873995096645,1.0314451821392,-0.186664197018788,-0.170398478014051
"870",0.0444856950519525,1.00128486030498,-0.0455570753351845,0.022269359282677
"871",0.54946061381716,1.16755017822058,0.426275881748679,0.425983909675356
"872",-0.231871155372339,1.00802161102172,-0.0761912929154232,-0.101501010688066
"873",0.518991991403345,1.1543255921704,0.475577736435172,0.326026669686322
"874",0.126176382497903,1.02160833695304,0.0650106201541353,0.198638398601898
"875",-0.183076206796997,1.01352374834507,-0.120452723559319,-0.112789759493461
"876",0.100497732773507,1.00218728754337,-0.0167017118611485,0.0640344605227547
"877",0.441901536153511,1.16740590162791,0.417240721175357,0.434449904763198
"878",0.200163003408842,1.0136728379803,0.163806702765274,0.0264572596503831
"879",0.115348471304571,1.00074576125793,0.0110571897377041,0.0370110420120224
"880",-0.187154959939058,1.01464266733246,-0.0053303495107606,-0.171672157747345
"881",-0.147697694101301,1.01695889118116,-0.067078667336003,-0.172353818469014
"882",-0.182599271445818,1.00465158852398,-0.0912295660803166,-0.0316540770921235
"883",0.0871238365287303,1.00764889349798,-0.121275648126767,-0.0254658543768135
"884",0.304076545221688,1.06079838732773,0.187487743560568,0.30023584824547
"885",-0.152258848878744,1.01686322522328,-0.0188330777638665,-0.183456081920005
"886",-0.019677496126342,1.00031136071846,0.0162043455271127,-0.0189799254071411
"887",0.141240098640637,1.0089387159382,0.00400940417653744,0.133944978245459
"888",0.392268512845135,1.06375996570155,0.26216508914051,0.250708457506528
"889",0.365682469168299,1.03552028424479,0.171720976643215,0.206915841015392
"890",0.22568812092634,1.06639504273986,0.210175047945078,0.3049997318055
"891",-0.441949596941085,1.15449614786396,-0.369008292060948,-0.443502238802671
"892",0.265139455007055,1.03428817537758,0.229735759704093,0.13028242567237
"893",-0.292283953378629,1.02268914716817,-0.18723918709082,-0.104089281643854
"894",-0.071695622540637,1.01533183914369,-0.064440349873271,-0.16354260878167
"895",0.14502887903325,1.01577865527516,0.174842683906186,0.0351612342940886
"896",0.226074528421367,1.0205854047456,0.105120317252653,0.174769240086595
"897",0.0155585592729551,1.00016796794573,0.014521673342892,-0.0111841453860149
"898",0.0665813724763927,1.00324475552956,0.0790573442762591,0.0158106234394494
"899",-0.158692258906349,1.01805042237912,-0.0894643793681602,-0.168590590872022
"900",-0.609824992080484,1.16181385944682,-0.380854665578651,-0.452505433900742
"901",-0.551414226049103,1.14279636466578,-0.446530205723075,-0.326487835102991
"902",-0.483251645961539,1.11612490574049,-0.325320814690949,-0.374033651885825
"903",-0.34517825515933,1.08062246756274,-0.249445207945738,-0.324841508484198
"904",0.0888295681898334,1.00542252758257,0.101287792593523,-0.0248040730938807
"905",0.103483136492675,1.01611438887212,0.0327339629549673,0.177248241013044
"906",0.118872984095949,1.00717913293045,0.0223143992890159,0.117948604887495
"907",-0.145662895721466,1.01171930984487,-0.108164674241018,-0.10897873718899
"908",-0.00748792735635114,1.00793871011507,0.0763218795573945,-0.100575414735667
"909",-0.250041159080656,1.04563946244461,-0.235319282789602,-0.194901822897707
"910",-0.227691253955272,1.02173133131282,-0.132077810676226,-0.162758610565587
"911",-0.0187020369135339,1.00006233896541,-0.0105395614329774,-0.0036877448089204
"912",0.0112773937127893,1.00498799907283,-0.0419210283545449,-0.0907937534311245
"913",0.0680096207722032,1.00385938678121,0.0153214222108005,0.0865963189182016
"914",-0.142071202318662,1.03068831058019,-0.194182664383106,-0.1568804845088
"915",0.128944200289788,1.00139505933368,0.0231207251480974,0.0475131237295487
"916",-0.140887627246772,1.0111630464339,-0.0861762717406888,-0.122573882464281
"917",0.451277145026648,1.11006869030392,0.250247106789449,0.411860270888776
"918",-0.132262480634347,1.01106243472783,-0.070981059198925,-0.131182834825186
"919",0.146328437867786,1.01822710637591,0.10942997527813,0.157516731394733
"920",-0.0566268819758165,1.01382060492947,0.0524669362859463,-0.158364893762211
"921",0.00879377055735226,1.00338579602901,0.0220111364860209,0.0793635025900113
"922",-0.0657265083117859,1.01351384784964,-0.00785203306726314,-0.164768520536233
"923",-0.38021090427596,1.07369719170894,-0.206354466895423,-0.332029356346658
"924",0.0993226897778663,1.01624174474281,0.179095581220671,0.0259240534088351
"925",0.246493891100701,1.02292101268323,0.113900272986,0.18274059757644
"926",0.394185898801396,1.09540467856769,0.341496607832983,0.288602627615456
"927",0.000975668509721896,1.00191607611035,-0.0525949777301409,0.0327046156669877
"928",0.381961884805906,1.06402274782008,0.178671150124426,0.316577049060424
"929",0.104670796062182,1.00345665767078,0.0788733308657553,0.026537925728009
"930",0.0541445000870504,1.00967507658786,0.137661967285968,-0.0222023207266614
"931",0.0569263837547585,1.00552349453461,0.0854472543812261,0.0614513204074012
"932",-0.143940403269725,1.00416129863454,-0.0407724195365702,-0.0817161151826299
"933",0.0137478865580539,1.00589194031978,0.0197641212986321,-0.106901707701949
"934",0.263522463683003,1.06154819669468,0.250568419375187,0.253179859225698
"935",0.090973673808204,1.00888388540294,0.0660757728881581,0.116106358408895
"936",-0.329851393999285,1.05281240570511,-0.249881402132523,-0.214413727347094
"937",-0.438701977587241,1.13322883338588,-0.342712734822816,-0.408357160102996
"938",-0.144507607040342,1.00892296840458,-0.0365383608798243,-0.12880413176028
"939",-0.27316427075213,1.03975534665118,-0.166630387160956,-0.230923136485498
"940",-0.0984630515883694,1.00719284472387,-0.0830797765476668,-0.0868053984021096
"941",0.230229205337285,1.00782698655652,0.123128701310906,0.0235490497701474
"942",-0.185123848426527,1.02096315772036,-0.167639545458039,-0.119426765094538
"943",0.0888632380476224,1.01085560769277,0.0812814063552614,0.123379060560688
"944",0.302035930060516,1.11257216835862,0.444749873499962,0.200035946339601
"945",0.122868509859787,1.00352129505995,0.0314171223147425,0.0778970735281491
"946",-0.0194117149843728,1.00290403457674,0.0347615727757766,-0.0678832499844884
"947",-0.0644526732543316,1.00216105402709,-0.0167226145910541,-0.0636170760874774
"948",0.298572948850812,1.02424486678357,-0.0496126596726533,0.215907691231012
"949",0.143493804711688,1.02727763366117,0.195814459618807,0.130215337133109
"950",0.0256150335420673,1.00365247276243,-0.00822831564324782,-0.0851503429459503
"951",0.176277458703527,1.00240020946261,-0.0244875456014621,0.0648578448694095
"952",0.172630706082728,1.01484934954659,0.0509504156724881,0.165297481583767
"953",-0.336097821630064,1.03725381329417,-0.197624877146051,-0.191937180156201
"954",-0.198331699144589,1.01479666578801,-0.135414201751333,-0.107122672009808
"955",-0.119879800645871,1.00563505327618,-0.0195282013832081,-0.104501242712798
"956",-0.0229282674243505,1.00242099213709,0.0583940939580281,-0.0379206443499986
"957",0.224009477887895,1.03021860523813,0.170345558373485,0.179813140012717
"958",-0.292360248875787,1.04036589975468,-0.166418558179478,-0.233807760491033
"959",-0.415225055757938,1.10000408624208,-0.303169646534283,-0.343652666466526
"960",0.0579193922041822,1.00820503959236,0.128350488246176,-0.00188521256312594
"961",0.31522969274825,1.05475830798313,0.221585250958961,0.251823479478967
"962",-0.176573712277053,1.0278872119926,-0.163378312381137,-0.1727994433481
"963",0.3150573569464,1.05791997114645,0.313144237823188,0.145380024998786
"964",-0.288380257415714,1.02614454174043,-0.124299558548477,-0.193706582976229
"965",-0.103333315263931,1.00000010070544,-0.000297855812977276,-0.000335697486927229
"966",-0.242744646115279,1.04588650929769,-0.227874421766378,-0.204821478940924
"967",0.263178103300174,1.02008350433327,0.0850648197748069,0.182576921459206
"968",0.27968040609351,1.06300295282602,0.279293960817658,0.227969649663333
"969",0.0159112921836092,1.00439742080412,-0.0257616545731878,0.0902802086373961
"970",-0.462418589187922,1.11149368568644,-0.423664810283325,-0.236487508863386
"971",0.415106270632642,1.06760157588874,0.316012131662776,0.199773515467075
"972",-0.456916484662121,1.11306656123415,-0.357714638248303,-0.333102697858343
"973",-0.135022372179568,1.02039563455437,-0.0435165054552783,-0.198276485672335
"974",-0.0687679231483577,1.00771861355604,-0.121187117096419,-0.0284690491087796
"975",0.489752039431556,1.13591269424905,0.329550063083098,0.426256266673082
"976",-0.40653620672511,1.07872458602972,-0.295864791604306,-0.275881781917418
"977",0.181749825565546,1.00110944420318,0.0459751507783878,0.0103152694444801
"978",-0.566848994624737,1.22967934441083,-0.478901018838923,-0.531756621233532
"979",0.310092247666078,1.04013152608217,0.261279799551152,0.116646722613814
"980",-0.389321087308836,1.0841553413006,-0.359482649844393,-0.214860486203205
"981",-0.380405332607903,1.06972666651987,-0.22238924637585,-0.307990526088208
"982",0.62891047646061,1.26427672226235,0.479749452797203,0.606824598212043
"983",-0.0200811534793194,1.00414233894897,-0.0364207193576688,0.0835186689991372
"984",-0.506447291091002,1.13557526200264,-0.39180033014916,-0.368813878490738
"985",-0.457498905090904,1.04808723121036,-0.164023744702528,-0.267550098859926
"986",0.0760763921614044,1.01414282663975,0.14238614828688,0.0906193003774146
"987",0.367277912438188,1.04641647780879,0.130725288752217,0.279102747944915
"988",-0.103572492157876,1.01032148861229,-0.0166477630620296,-0.143081663174532
"989",0.166384144123965,1.01495604113636,0.161546406657659,0.0635493818631613
"990",-0.0155293838002118,1.01771475029834,-0.0981933940690164,-0.161559185241851
"991",-0.158766073654939,1.00725002833149,-0.100238440104829,-0.0671183633526949
"992",0.121583367228219,1.02381064490168,0.18216510639973,0.122491267543329
"993",-0.0702906923667483,1.00666379508113,-0.115024403711308,0.0118904532296729
"994",0.412576206340129,1.08192825798815,0.270477424222527,0.312106902229367
"995",0.203340398763207,1.01414352638622,0.155957140295199,0.0645326467922511
"996",-0.290005145994007,1.04085812109999,-0.205450260916453,-0.202918255830176
"997",0.261697732709843,1.01381226475681,0.144273411596127,0.0836689361575829
"998",-0.118379545596807,1.0002048608416,-0.014882888785317,0.0137209064050053
"999",-0.096803262581407,1.01898625837931,-0.176189139556174,-0.0853837330427332
"1000",-0.154830561711401,1.02283402484185,-0.0664098372995556,-0.204399549617951
