"t","","",""
-0.331354430272485,1.08358376940439,-0.294529172949597,-0.295645652087525
0.237994930038327,1.05217146588563,0.273076781759221,0.180260547230813
0.215001096348874,1.00955604783779,0.0993141214497952,0.0966442911222418
0.265197576580804,1.09315798591581,0.294419513754577,0.329107174172824
-0.0876459907141983,1.01388429795583,-0.166153720620828,0.0188231444035788
-0.0326913888796981,1.00868054719713,-0.0750838251536012,-0.108622582800316
0.190896476943515,1.02108625065023,0.155464788699971,0.135822791686127
-0.123476433510369,1.0276322124632,-0.190216335105725,-0.14087480239903
0.278339961888927,1.05811129057595,0.211580937444065,0.273556228506293
0.364740680413237,1.05479137907209,0.170667024380035,0.288890325476765
0.158648280958645,1.01884403088991,0.181644103190794,0.0710533535874127
0.454170060578051,1.10082387843059,0.319766302322893,0.331002603043693
-0.08007047426658,1.00503801683711,-0.0174488399827863,-0.0989795598653352
0.359466132061292,1.09356334101477,0.337444506993202,0.286377348111703
-0.475312864732044,1.15053162592152,-0.388097279715971,-0.416057115938041
0.0624038503962329,1.00634723695828,0.0457113619236921,0.103175737092824
-0.0139902107990144,1.00026209405539,-0.0228439951675156,0.00155199512391263
-0.387319881089183,1.08309702509583,-0.311943135613572,-0.275301009651254
0.0158488995442232,1.004881847842,-0.0535420115780188,-0.0831912322214546
0.16961744336771,1.01387001703865,0.0761647570453673,0.14876606210483
0.0493610725019816,1.00301241026089,0.0762935081513553,0.014601224309214
0.0585685903456192,1.01008338067298,0.131507149103316,0.0545371950734067
-0.347874974293832,1.02260966220134,-0.130683757841221,-0.169269833886692
0.0794533194210827,1.00041798598153,0.0282573433006105,0.00613752596154745
0.213768213076075,1.00280515152736,0.0744734786622294,-0.00847778896682052
-0.0751435318521233,1.00218040892212,-0.0427095863080075,-0.0504129275553963
-0.749445739332758,1.39396550664507,-0.69487341030193,-0.678447328369429
0.0307003367054324,1.00403835404646,-0.0383423106287041,0.0813811010736937
-0.590420394365613,1.25778118022862,-0.567164514117803,-0.510233193023362
-0.202081980800779,1.04073340593137,-0.267141931762904,-0.108449114867288
-0.213868699923486,1.04120327754867,-0.121771400956005,-0.263203326512617
0.283030656512915,1.04966087267691,0.213334110334484,0.237226695371009
0.176456917846612,1.0356314473829,0.222462556260933,0.151798899436884
0.208413011102469,1.04046054390462,0.080976670922606,0.275682647601538
-0.0874925692765592,1.02418030757512,0.0535294189136168,-0.214662301616855
0.048194317779281,1.01867773335109,0.100149006976368,0.16635654729215
0.0918432145665842,1.00649257675242,0.105500697144419,0.0435535298197341
-0.276549845109276,1.02717038028905,-0.146273841451745,-0.183529162396899
0.230561629335445,1.05431117142358,0.24566458547675,0.226320475501221
-0.061498043269522,1.00864496791425,0.0593406965457946,-0.11765777931015
0.141793070217457,1.04029181508709,0.143284023056714,0.248348040608067
0.128187358773815,1.01928737722104,0.151738168983113,0.126183538687932
-0.166921154951915,1.01716079191102,-0.106715692816668,-0.152406815817796
-0.095400810637292,1.01417603067573,-0.130154101883687,-0.107763309897363
-0.199931983613465,1.04844948207137,-0.245963932313223,-0.19684527034382
-0.15427000459631,1.0049923417893,-0.0927134368046659,-0.037600873540476
-0.423540842714603,1.07622445579965,-0.197118124226066,-0.345548150570719
0.198101791139103,1.03390211980779,0.153126886796832,0.213320767584773
-0.0519990404570691,1.00284618527151,-0.0753859874512437,0.00417423162059653
-0.39918239467701,1.10448526861328,-0.304277750517678,-0.356795122056989
0.401140740215252,1.11264190058678,0.38006021253828,0.305820590848149
-0.198083264794942,1.01829691901299,-0.0544359408674524,-0.184296889863133
0.331624017121242,1.09276326140575,0.352396970826613,0.264476691658003
0.321079532944108,1.03323774316253,0.230663184167691,0.119894659452438
-0.0659950856839402,1.0048014723865,-0.0964656161074168,0.0178992686746527
0.0988170476426983,1.02190930047106,0.154764008234122,0.142641929826246
-0.299122891180569,1.01416308179299,-0.168852220238273,0.00396032731672864
0.133701907039314,1.02491836115998,0.179154865358783,0.135503436344397
0.381250598146508,1.05865461605939,0.277644102009239,0.208957767798507
0.218857583008394,1.00617874964389,0.0713281863278968,0.0854866426414466
-0.142720634014868,1.02375568912253,-0.178746921086502,-0.126985232262811
-0.282979308325245,1.038074017978,-0.229365213790347,-0.158079933906513
0.0608696442590914,1.0017243955043,0.0321427406174674,0.0491793531276858
-0.224801876460524,1.03018945938841,-0.205455767081543,-0.138124038486862
-0.31973245376715,1.1037412189028,-0.427872523750663,-0.187536081126484
-0.153482027922743,1.00971711181742,-0.0510349128101064,-0.130092596143577
-0.633470030692398,1.21001226861671,-0.443765637457844,-0.516915611308653
0.202130762515591,1.00943588625035,0.128831592518596,0.0486130560565295
0.0962108254705206,1.00051026290792,0.0278508941502419,0.0156561131546323
0.299570824713069,1.02746726562664,0.164733613932233,0.168972833245792
-0.469959715307463,1.09638860532574,-0.364652211133619,-0.262862585400581
-0.00180231035696976,1.00167629661614,0.0466691703730695,-0.0343131423702071
0.100243352191048,1.00078537248555,-0.00220824547923007,0.0395788508290933
-0.0111517384562902,1.00479305125965,0.064661704436944,-0.0736745535377084
-0.129840797502023,1.01400687793922,0.0156225748859516,-0.16723003217719
0.374689730653327,1.05870905850782,0.29803677647461,0.178994274866942
0.322838534231409,1.06448035833876,0.311030055575944,0.19073211008493
0.261514410514786,1.03961106244178,0.176447528391908,0.222839473333857
0.0699134600684352,1.0271106026293,0.212877206258698,0.0981808794471658
-0.259070495430239,1.02534018038052,-0.162662288455231,-0.157681531630274
-0.0409212263060941,1.00146353581396,-0.0540793620488439,0.00215317565384159
0.0478073463463201,1.0006229874983,0.00618545606145268,0.0347577796087288
-0.176311868726225,1.03804903696326,-0.190057302846263,-0.20352892859529
-0.354162658447335,1.04422680119013,-0.163535009862009,-0.252321051189175
-0.425432875985088,1.06035237131399,-0.30725996472691,-0.173027354563435
0.168107689705255,1.01593742415827,0.179196390142952,-0.00418372621788359
0.0276570346089529,1.00084336371446,0.0190551998985485,0.0363914557018078
-0.0944753538390782,1.01423224457018,-0.140677329984446,-0.0942174864571773
-0.0251781091714501,1.00196757874681,0.0602838097880292,-0.0174611321850393
0.218527800956301,1.02220070723216,0.205527299374234,0.0515054859007432
0.0813130132385711,1.01944950938758,0.177429000729454,0.0882963866232163
-0.186464389482803,1.00227434109069,-0.0483183985283379,-0.0471082495157925
-0.436480011885804,1.12210168554732,-0.388174335213409,-0.3292914790725
-0.0080625285351027,1.00044645411872,-0.0110395754998471,-0.0277711240591519
0.262617434654089,1.04492035413853,0.239047454555343,0.186319244748374
-0.209365475514736,1.00959596408609,-0.13439895617997,-0.0349418270366862
0.293348992595004,1.05196991597833,0.226838709138928,0.234914674210962
0.151063078874234,1.02037411090965,0.0740107609704912,0.18890667927639
0.209264491366711,1.04213321789457,0.180304134343296,0.231369969913997
-0.122453086390171,1.0220004202397,-0.161115002750497,-0.13611324277539
-0.0521034311794397,1.00773140827017,-0.10682497864731,-0.0641171985599538
-0.503880168176802,1.10831694040122,-0.366491606329938,-0.306676283514106
-0.258721049924978,1.01731270839762,-0.183737755845817,-0.0341406465089037
-0.050766819188393,1.02679350537974,-0.224724007601854,0.0616767630261298
0.0511096752318769,1.00636385441428,-0.112442485733006,0.0111756375092706
-0.0646052813840763,1.01184606732526,-0.0700344299485029,-0.137577769219357
-0.302506991024187,1.04976342691174,-0.194908506073781,-0.25300973645605
-0.157062719720436,1.03629101313623,-0.175260934878705,-0.207804399886919
0.385881872745071,1.03557562534152,0.193096125282711,0.187432020216104
0.164154121179982,1.00280502404538,0.00606081923506396,0.0747073137038522
0.0507124536008624,1.00471937738545,-0.058085273991951,0.07802005023765
0.250865289359315,1.05858654108372,0.195755401117745,0.286854123025675
0.218367977058576,1.03272916758795,0.123453406228723,0.226470285197486
0.0652413928974307,1.00029337090748,-0.00696513160851989,0.0232016125114444
-0.142329193109436,1.01089269253575,-0.00603076408785407,-0.147877198062095
0.13579780245252,1.00131835476824,0.0362860335076104,0.036356173726773
0.137610378004088,1.01757216886251,0.186836982407262,0.0233465382552815
-0.234169529494558,1.03424485977194,-0.233519106537355,-0.123009173831371
0.10097493182679,1.00589265484065,0.0372989667316328,0.102121594891216
-0.465523314313032,1.12735849050242,-0.378194045412083,-0.357640084614031
-0.39135007854131,1.06467431171936,-0.323078160863442,-0.170739251515852
-0.00785127420217455,1.00701637628993,-0.0906024279278606,-0.0766366894488083
-0.161142504221862,1.00493202184693,-0.0969436411660581,0.022142695653988
-0.405701448210955,1.108632779019,-0.431844482041418,-0.206341905694837
-0.102028626426761,1.00892653699723,-0.10663178002914,-0.0810087683219396
-0.00441709606258622,1.00693922700878,-0.054453842581211,-0.104696637563837
-0.0386624681505436,1.00585151332982,-0.0547014751864653,-0.0935147874954028
0.455443747444367,1.15303197613064,0.356908787871059,0.449554062511
0.167330564772032,1.032512023457,0.179100097408605,0.184402368996425
-0.373591904970471,1.08698978661855,-0.342393920531493,-0.253600471995064
-0.296053046335061,1.02539429181111,-0.13700118111134,-0.180732205356179
-0.124047425822761,1.00665113757226,-0.0707524029966642,-0.091326941510867
-0.122759859077406,1.00103674506118,-0.00592930748077235,-0.0451598081869462
0.0796996272067129,1.00641276647866,0.0983282715589341,0.0565526970485285
-0.225348589702794,1.0406804703185,-0.226880542267684,-0.177598031640695
0.0315293386267249,1.00589851781182,0.106490148337077,-0.0221737782788162
-0.191280773045546,1.03506438578397,-0.200045148894151,-0.177031695247661
0.298791386833103,1.01925437165558,0.165181280654293,0.107678311002796
0.000525162472096771,1.00345338528538,0.048836872130875,-0.0673324317188274
0.133257231725341,1.01041099694102,0.126680220265796,-0.0698749206278974
0.0158627478110402,1.00466411031813,0.0151485104140288,0.0955012941983098
-0.191533211044437,1.01132369466281,-0.124882961360657,-0.0847340625027559
-0.0760967776171621,1.00436462720626,-0.0893761733248144,0.0275717976377593
0.236269420022281,1.03310254156142,0.0941101451403126,0.241752232590173
-0.0449966497340804,1.01111051055379,0.120100076942165,-0.0889968318022716
0.0744226014034227,1.00007148392942,0.0108302803564265,0.00506734606977277
0.0720728581944581,1.01952111320056,-0.00866569250650367,0.198363822394838
0.00796807569270869,1.00529163004551,0.097669335648755,0.0327408355650196
-0.198065189650143,1.03531867382754,-0.213002072981419,-0.162833882474216
-0.11894238165995,1.00125774386557,-0.0238172650608059,-0.0441566250497944
-0.131096716240046,1.01750795969179,-0.100406596248985,-0.158874049063559
0.290354524177558,1.038191639597,0.137013568950333,0.243041482987154
0.0300588662914723,1.00415943207944,-0.00650934276517109,0.0910702667772383
0.135314958300606,1.02457031803437,0.21542063987715,0.0577778894731404
0.0567398364774195,1.01151884524426,0.137473696660073,0.0653556195815701
-0.149510194474212,1.04957070448581,-0.147903237069554,-0.282353140905471
-0.0982579770874049,1.02747706476514,-0.121695273506946,-0.202235948892523
-0.190525702188603,1.03686459480476,-0.193124883125313,-0.194398990422977
0.0132364216099374,1.00263992626481,0.0707278754165923,0.0168638482964847
0.254360762878036,1.05607027340988,0.194034705707734,0.278630499696144
-0.079797600140784,1.00542980064846,-0.0631133732283637,-0.0831010598713947
-0.0336660236922874,1.00290837599954,0.0760204793616139,-0.00678950422874811
-0.123483983394598,1.02335528775974,-0.195615623555161,-0.0948186311172199
0.0219427431701875,1.00942132903605,0.135924096072142,-0.0213555524367322
-0.26610197299861,1.06867179483978,-0.228582039102919,-0.299682592897251
0.177787630013053,1.01886472295087,0.043746925590014,0.190188144149877
-0.0094976741336507,1.00293201722361,0.0617238333693662,-0.0454180533092619
-0.579611143311469,1.13762639083995,-0.245620267287985,-0.483595377803492
-0.142309410301927,1.02202274852069,-0.179975717346465,-0.110178217717516
-0.276302751322964,1.02022942686659,-0.18037379221683,-0.0912873404468277
0.086367105295392,1.01978266308976,0.180230824577273,0.0864495795862929
0.37887982085646,1.11426038103505,0.239734312548794,0.429073019579578
-0.0137433225616517,1.00869773917494,-0.116655470272452,0.0621500625272462
-0.119434522616312,1.0061472718022,-0.0650081269206954,-0.0900348598559043
0.375290996863643,1.06442832205676,0.273655090041285,0.241082028552652
-0.0336777664182761,1.00056111796777,0.0316721932502559,-0.0109280814246177
0.296933522893824,1.05577238935225,0.266484951836055,0.208904544142771
-0.132662364851063,1.00307784756584,0.069186166584961,0.0371273838373094
-0.108799980100077,1.00432975753831,-0.091847816023376,-0.0155640794361004
-0.0398197940478889,1.00117200069866,0.0475275255813415,0.00930103731164372
0.361513177515687,1.05324513358957,0.267621608159503,0.194175143301676
0.249894790114582,1.03867939529131,0.183567758535141,0.212503562862133
0.0741113274996866,1.00644601169849,-0.000357063562592983,0.113725313670324
0.433371636679334,1.06211206769118,0.286033594650377,0.215097250253496
-0.244929517190678,1.03460836172689,-0.157938179055242,-0.213236942746601
-0.133040966841504,1.01514753289296,-0.169677802154076,0.0416408092480275
0.127219784128518,1.00331678752515,0.0132670777865883,0.0804273633584125
-0.023394824152574,1.00853720730784,-0.112360220396475,0.0672493821291748
0.0572022761986396,1.00933037515238,0.12822361536906,-0.0480261456596892
-0.157182755144732,1.01392246567447,-0.0413617541502438,-0.162258964908011
-0.0613064545795781,1.00641656629563,-0.0589585668881332,0.0969442742238416
0.0803191119372131,1.01993549008081,0.0999030806554217,0.174033842691436
0.504104365914334,1.09848860126698,0.245500355942542,0.382631392263601
0.0571626564407019,1.00326443472938,-0.0672184859053802,0.0449577706904845
0.0253722256288167,1.0131930349616,-0.135114845880064,0.0911268594734933
0.29286922008073,1.02414030702844,0.144485927950144,0.167293709100775
0.36665256875715,1.05934972788567,0.237338278009981,0.25669512609846
-0.112707666244171,1.01212895956822,-0.0934723232410007,-0.125171704408726
-0.220774190241973,1.02178525344105,-0.101703099334846,-0.183579911034046
0.282333813604743,1.03061543531456,0.173413878667735,0.179153013354618
0.0187244942317942,1.00064418032277,0.0330384775140078,0.0140440242591917
0.112549439502226,1.00124257972536,0.02472310960967,0.0433067120239579
-0.0401410399451167,1.00345311454791,0.00326037412005317,0.0831115097714877
0.211673278779845,1.011782347408,0.14261689189969,0.0579994885435827
-0.0062354325482102,1.00448307695335,0.0922810665984972,-0.0216900122895682
0.102278511596246,1.0076015737016,0.122934698156387,-0.0121651681094477
-0.0363560198761355,1.00406624590144,-0.0330867761732105,-0.0839898291525424
0.142027778552513,1.01249300732238,0.116826948313237,0.107207994219298
-0.0340722998504023,1.00488061835524,-0.0982637922953147,0.0113703240831791
0.0136607391276297,1.00036282068647,0.0268942859034809,0.00157174983458644
0.137642401956069,1.02307572014624,0.115190414949849,0.182797968961429
0.109071742208273,1.0225965443438,0.206525651686338,0.0552344792625732
-0.305951501000108,1.03868744438475,-0.0889595562539576,-0.266379061627646
-0.0571470181696379,1.00023463117414,-0.00545438907992201,-0.0209658541402233
0.322591566033319,1.08873032973296,0.163573708349283,0.39821774548268
-0.456879845229828,1.1343431184465,-0.375961164090136,-0.381297145888757
0.218353133827231,1.03498681257719,0.187590662852887,0.189756278997821
-0.337604227674373,1.04555263717007,-0.19680200558868,-0.233343711484911
-0.0477272223866067,1.00332615810121,-0.0682095732365253,0.0448423198442888
-0.129091112532714,1.01233272279966,-0.0452362526315656,-0.150901368777149
-0.410028332472396,1.14131976030627,-0.430142857163576,-0.342910947181212
-0.105727463910763,1.00824507963237,-0.0906139450860586,-0.0913633053190862
0.157391845591755,1.00844483807352,0.102033627805447,0.0809328748654855
0.037709583611434,1.0077439705653,0.08875867389174,0.0875774401297869
-0.126963837882933,1.01476339549605,-0.129964750323214,-0.113375096525207
-0.118348198799654,1.02349471767225,-0.194465065067817,-0.0986142767106719
-0.208490879499113,1.00665829353755,-0.0821902959868929,-0.0812753049426146
0.101934663995109,1.0086264710513,0.131494712887243,-0.00604140613624643
-0.350294795180355,1.04872514546831,-0.280206161363226,-0.145975812625258
0.113415272952519,1.01488608230122,-0.0646575441071636,0.160664750454942
-0.267325135425754,1.05821388644231,-0.239946683754113,-0.249483904119586
0.0506203395267635,1.0056627401611,0.078844076966632,0.0717018721904533
0.155862768634861,1.01301857493156,0.160269609638005,-0.0228097650764021
-0.0193496617539511,1.00048328684837,0.0154400963400748,-0.0269890846071503
0.0530674814568693,1.00071643899599,0.0275073274209775,0.0260141925681208
-0.577478328196455,1.23769190139814,-0.536650754134829,-0.493849380755967
-0.228818121658046,1.02015322753022,-0.166001756306346,-0.114699714661945
-0.395092358417242,1.08120008258179,-0.26135699256137,-0.317310795615502
0.163476721918332,1.01821314562007,0.159428928422904,0.106491439540696
-0.111007872903688,1.00536851039906,-0.101185085957675,0.0229656282682507
-0.257536111681669,1.02884759824118,-0.213140106949561,-0.11444944393123
0.144435319978805,1.00546223931582,0.0578869486139387,0.0871975680288489
0.065612192364007,1.02305732750215,0.195059847180059,0.0927251388456287
-0.0984874636014115,1.00421075821258,-0.0698246455229892,-0.0596972845905265
-0.0129063764538878,1.02065389351014,-0.0739416345473343,-0.19043897977536
0.28507073708714,1.0258498919579,0.145258719377839,0.176827331809163
-0.196657885516713,1.0209259707091,-0.199836513059738,-0.04853046173741
0.150359264007281,1.0092148435878,0.0565033046183959,0.1237819739912
0.218748391190924,1.0156529354723,0.130132557612907,0.120898315880047
0.114181547707552,1.02656556962679,0.223996597636357,0.0605177080738669
-0.0742835338493499,1.00151204960695,-0.00101634114347051,-0.0550032049847005
-0.02018523073508,1.0073157995104,-0.115541541898007,-0.036541374346242
0.139939400103917,1.00297062072709,0.0764967719864237,-0.00991513577002636
0.12462988921767,1.00078779712982,0.0252101906462708,0.0306702000571489
-0.0177444447384905,1.00381305035287,-0.0332872922825009,-0.0808244779212005
-0.0720641542575256,1.00643952357597,-0.0337531346767956,-0.108541423038942
-0.216912258641849,1.01643687708371,-0.145256735118267,-0.109747009063907
-0.375098888200565,1.05532877147,-0.0536052544921711,-0.332934366780024
-0.0032575053893296,1.00116234399405,-0.0438227586351137,0.0201396339905438
-0.0195046645084106,1.00007628440124,9.7755720551287e-05,0.0123517231834407
0.0257880687624475,1.01246559378515,0.118119843193849,0.105519103685403
0.22635714367128,1.03439396424034,0.232150050429234,0.126796006808371
-0.103677983720523,1.02667644036073,-0.141986557434194,-0.184131286585842
-0.331414641124126,1.06689590605802,-0.292275557080862,-0.229873602434987
0.313970538106138,1.08250081698578,0.31287849699876,0.27187325151746
0.179297449024665,1.01454619766554,0.0846847739755101,0.14876987683779
0.33791566097357,1.10827063003857,0.298471216281694,0.373066646133671
-0.154826563986263,1.03330628388844,-0.15239099488561,-0.21094753139374
0.130493058347123,1.0140300199838,0.160266964421356,0.0507087915801324
0.308801714390733,1.04928711326528,0.223222703054589,0.226219077236194
0.38377576454722,1.09376614782395,0.288249965872739,0.33650608211444
0.373568935219275,1.04116034890009,0.179190107276612,0.227828395016847
-0.319589338925885,1.01838662816713,-0.159696894244995,-0.107741479468787
-0.349196385069809,1.03773522808264,-0.108002950290761,-0.255401187021966
-0.497180968944349,1.11183065633748,-0.285537185919073,-0.393237744665055
-0.389846599210174,1.05639409200011,-0.227292244442755,-0.253587683511851
-0.10930636859039,1.00973118814933,-0.13964326138253,0.0075386916577172
0.412403618689841,1.08476652726324,0.297565647762879,0.296939562777021
0.369085037614685,1.06473777405593,0.320783559048557,0.175397935408966
-0.0499345720572263,1.01420967047478,-0.103180741231544,-0.134070840690545
-0.149259137313008,1.00189284429775,0.0487556462872046,-0.0375786962274006
0.152768900280438,1.0090628262259,0.0996511078091688,0.0909804593492914
0.0706773390350499,1.01472641788233,0.0905356572178724,0.14653667773096
-0.367573146905779,1.08518163119866,-0.290897128512284,-0.304955789114246
-0.472168131997891,1.09505868906362,-0.341330411461591,-0.287484056436515
-0.168382379745264,1.00310051619967,-0.0752485505231462,-0.0234158331948529
-0.233711980178151,1.0121630415624,-0.0175907705659117,-0.155449630092019
-0.229464790087349,1.02288686028401,-0.198116315422844,-0.0839491185478418
-0.0725053056083879,1.00491814955792,-0.0145616456508111,-0.0982265024667337
-0.215681311246734,1.035458444334,-0.251416921655833,-0.0946769319722926
-0.445260116000482,1.13107950274515,-0.369048825848566,-0.378343502217259
0.0110805585319089,1.0017446819783,0.00835327870214847,0.0585032529585162
-0.462928153190391,1.08202012428646,-0.123441600072921,-0.394372565897189
0.27436644608126,1.05033734884763,0.212056535533499,0.241330835414388
-0.280046782660616,1.02231496547339,-0.166713625270876,-0.131660380448714
0.176359811025871,1.00166806658495,-0.0175953865656905,0.0550392404347491
-0.0355845310916821,1.00427105695604,-0.0784457323073034,-0.0490573432053785
-0.287100681195594,1.00954775405449,-0.00359350201830962,-0.13846932678289
-0.320817375170371,1.03519656794422,-0.155187004753239,-0.218057166447703
0.0629192949240302,1.01420098688286,0.156719750816904,0.063581141056577
0.308770992020721,1.05022169197112,0.300261799052538,0.113174441975239
0.425064514984498,1.13959023398593,0.406345632265827,0.365443741955716
-0.11211195094841,1.00904484227049,-0.113624447895622,-0.0725326033800284
-0.106600786623753,1.01976909888994,-0.147165799032325,-0.135171160555695
0.0845281406998999,1.00765777433359,0.0752753399230529,0.0985282364320056
0.0731864184677637,1.00182361662344,0.0597149221121579,0.00920254864706657
-0.133323243194272,1.0013054376661,-0.0364117551558658,-0.0358714870916048
0.233569548432034,1.06732841884368,0.264605868297968,0.263008912650545
-0.0896673746936724,1.00102997539366,0.0449013174859776,0.00669950182162712
0.0960205261768843,1.00280835516218,0.0348158708666223,-0.0664262923764787
-0.598024280172616,1.14417599057847,-0.408525353209808,-0.37715478679321
0.0282504547521076,1.00294966817092,-0.056932626308789,0.0516402260427864
-0.00527057981353615,1.00241814634604,-0.0115552886223515,0.0686193517069453
0.184321111489544,1.02986580280567,0.201623254719203,0.141321035040799
0.359248439804372,1.04074928646343,0.141300070749727,0.251382909682162
-0.507936521796971,1.17924949781331,-0.514580551391914,-0.354734033075685
0.286968814958915,1.01980554718902,0.140350441931349,0.142495991266994
-0.135320672785088,1.00800810027594,-0.0925001241335519,-0.0867413238150808
0.284907944425931,1.04622404769865,0.20268594590733,0.231307512447401
0.582358987948147,1.16804321837706,0.44466164211017,0.408167838067299
0.377749775819003,1.06168789598041,0.305901713793084,0.183317565906154
0.222780402832097,1.03597583739298,0.261709440711583,0.0689500130856223
0.289075052289381,1.02787892005761,0.199935126606068,0.128689624476169
-0.0609967770742088,1.00913220679801,-0.125468154143524,-0.0510446186471387
-0.509445544521241,1.12100935669348,-0.37073509780424,-0.34527882218636
0.0569704086269958,1.0048480805301,0.086553155547564,-0.0472039851049916
-0.449819007826557,1.13567452701921,-0.402212611802078,-0.357745225303786
0.110684576018238,1.01674288335926,0.162212318548989,0.086332233682773
-0.172934112785847,1.01068436401429,-0.0712439388723852,-0.128090533752186
0.508500596308322,1.15636892997115,0.484809433499224,0.319607439514154
-0.339464838451498,1.04099552027622,-0.23399986503052,-0.170046277233132
0.153363016921052,1.02917024656756,0.146639603655012,0.19413454885678
-0.422305733058617,1.08966820221227,-0.271482565280452,-0.337155761720414
0.00529015118939635,1.01460395803055,-0.170811557030574,0.0156398093356014
-0.0230711309459357,1.00502963633827,0.0283749266696032,-0.0963298160215109
0.110467941503163,1.00214775065134,0.0470002688640797,0.0457284251013188
-0.204630027829003,1.05821483322272,-0.293889905555197,-0.182886185004107
0.04586316000946,1.00680775290259,-0.0734716476763028,0.0909052709830268
0.519191373998519,1.11779448510425,0.236608520008181,0.439864660081963
-0.452808008389777,1.07189713208258,-0.312221409767087,-0.226894806132518
-0.161909994255176,1.00147718151159,0.0526239335782022,0.0136845424899977
0.310141111649264,1.08097754430252,0.289350420825031,0.291185139137785
0.14827713885591,1.03476846581991,0.155281448953939,0.215947793380862
0.425869820514611,1.14580328536437,0.382301279538665,0.408302461926064
0.0841932070871567,1.01406173751504,0.162158753944027,0.0450082882515365
-0.234862178151109,1.03782526391419,-0.149441034066643,-0.23398430664396
-0.0879507924116602,1.01072670722857,-0.145604643365458,-0.019177187894144
-0.0943039708566598,1.00737849040291,-0.106632215431475,-0.0586599825998892
0.315846223547548,1.06650761094952,0.353435637505562,0.111900555647767
0.0626825539389409,1.006852340004,0.11654720036876,0.012976311407067
-0.085359484726928,1.01035801100332,-0.123297592531633,-0.074973422454131
0.44132718022824,1.06737409803048,0.316323762716082,0.198057421692605
-0.470703816287204,1.1336370585151,-0.43279276422584,-0.312767331530205
-0.139278771660423,1.00585651984001,0.00628785785019808,-0.10820259399995
-0.238730472798428,1.07484421564674,-0.273471352099694,-0.28373140025385
0.565985259966885,1.12405190005991,0.380067214295578,0.345024037779829
-0.0858716899424729,1.00348710187368,0.0831677820258844,0.00833568591856875
0.34510469561726,1.10834210771664,0.344662539373267,0.331104155350745
0.0255009292869654,1.00714756434837,-0.104225984220095,0.0590183072122753
-0.0043472237855835,1.01001700765351,-0.0831875232670164,0.114952997881966
-0.19945205741494,1.01785386493727,-0.140547237116148,-0.127565530245245
-0.178421861560758,1.00908521167621,-0.0953903937344733,-0.0956746424440571
0.00931921243522863,1.00427083144287,-0.071952977154367,0.0581607424779097
0.177558248904418,1.02054230209634,0.0318481818438724,0.201226945713892
-0.22003219271621,1.0153696920412,-0.0829311404252125,-0.155235425929825
-0.152185031327535,1.00073289704141,0.0163448736375621,-0.0346291254101986
0.315277440620518,1.05402671043025,0.307048789855392,0.12920273584084
0.0293557326311528,1.00920135058347,-0.111086738036653,0.0784034607136079
0.137178524390566,1.00295845401076,0.0518709318788546,0.0568776484892277
-0.0536723376542662,1.00151758187226,-0.0539586614896929,-0.0112218380626963
-0.306853561584913,1.01897242839771,-0.119194464701385,-0.15523366071594
0.21997218935069,1.03094024597578,0.174539164106454,0.179927404709841
-0.131038735447765,1.0090837176653,0.00729775125754806,-0.134895115122141
-0.279578286681072,1.0484136590401,-0.210385120727069,-0.234327338222633
0.211154068342077,1.03648384276535,0.122697284664322,0.243401176352174
-0.565851180933472,1.1188718062021,-0.339293362311596,-0.369802829904302
0.144448933759205,1.01823069371056,0.0864444450306961,0.171234060681908
-0.0198436356218599,1.00374473589932,0.0439664983874474,-0.0746353928451554
0.145196271818583,1.03758233676151,0.142256754771786,0.237360740817163
0.0912722955058939,1.00407503604601,0.0399850795003962,0.0810424051231925
0.393305058238818,1.06112572816229,0.231748913882344,0.268849868667071
0.0148027502733949,1.00022292586632,0.0179232957813964,0.0111649853071078
0.0257568598942266,1.00738711237623,0.0856342864669448,-0.0865769204986301
-0.152524217809888,1.02311576735545,-0.0331420011227332,-0.213699511400739
-0.102788626248141,1.00311626148268,-0.0737382254109524,-0.0283709034794777
-0.0795347856932344,1.007401250236,-0.117786573768141,0.0313624300240456
0.214965406497583,1.02580713761137,0.0863919638997367,0.211699579942854
0.240325821230287,1.02897281203305,0.222396581605103,0.0965650474735902
0.303439418570038,1.08738312813046,0.225706864929061,0.362572032107664
0.31062346715172,1.07070447476676,0.240680988191831,0.297457113225718
0.140089606947558,1.00315239287988,0.0794053301001566,-0.0030849460812416
0.109426725264379,1.0249391911055,0.181907969195241,0.131946338362465
-0.0273702882298398,1.00290936331505,-0.0693279502777421,0.0319503730068698
0.00894546922606989,1.01392272681177,-0.11648553944574,0.12029303822524
0.482293354798152,1.11769924674737,0.393540960314028,0.307208591570539
0.303805127516736,1.05256584433441,0.194212049730226,0.264908543461693
0.236384630551512,1.02730200267733,0.208462504049604,0.109054065078831
0.0524714126327167,1.00341788213554,0.0354960982605808,0.074749402657478
0.353974921244385,1.05591107353035,0.298111571310085,0.16148587014057
0.152376600639525,1.00939395327075,0.0747203300131206,0.115295382311194
0.172942699280178,1.0401211894603,0.125385035098958,0.25715886478506
-0.363712116856541,1.11576700462844,-0.207495493010119,-0.449312395776037
0.0309627120048814,1.00317076500937,0.075346069718066,0.0259721687103789
-0.403930735473767,1.06263329843007,-0.219863232520123,-0.284340791864561
0.2148619012284,1.01627944975,0.16152660138345,0.0820553290754625
0.358820285431416,1.10530713676117,0.23789810973129,0.406335275310253
-0.281370631179697,1.04453162468273,-0.269018650351097,-0.136657530804624
0.384765544968614,1.10809596109575,0.332789868847411,0.342239042467749
0.0937104083186924,1.00536146360242,0.020086645190603,0.101726098823234
0.0311866521573564,1.00244757019052,0.0259221572947524,-0.0650320900944672
-0.245883274127254,1.06450638110806,-0.333828326151488,-0.147419415541736
0.245911089275996,1.03227995527989,0.232082125769155,0.1083503252008
-0.321797183757899,1.040731617128,-0.258679946846595,-0.127306653358365
0.137752105392943,1.00526669122891,0.102124709026752,0.0114745065477077
-0.396588881374597,1.11185890669741,-0.324134013416635,-0.362170360119094
-0.511287302097691,1.0647335723617,-0.190618025372376,-0.311965300181372
0.403219244560512,1.07814789913954,0.219518497300578,0.337956390325575
-0.0500709357879435,1.00115798132474,-0.039808253548696,-0.0270667050014301
0.0661418754984707,1.00633105730963,0.064262838514775,0.0925877124242112
-0.177815611633013,1.01798342631161,-0.149846129458079,-0.117628201259588
-0.0086650670798083,1.00332145645633,0.000431744804412094,-0.0815705742414255
-0.210726631082719,1.06906480200014,-0.317756625199839,-0.204768840445044
-0.209909417351692,1.06459043197522,-0.162273632382945,-0.327139199862131
0.0650555837825231,1.0027849938581,0.0734541048485837,0.0134995699145805
-0.137622295507989,1.01242672261891,-0.122303119878141,-0.100248768276412
-0.310485065413326,1.03946977593641,-0.196949100062078,-0.20422650922451
0.325974922118415,1.07782299028156,0.259272769064662,0.307376039406158
-0.0344607426075712,1.00205480993913,0.0270917542208966,0.0581367265623467
0.283337022415552,1.01500692721013,0.147635510751899,0.0918848096781101
0.263478848682359,1.04407479657606,0.0577411275800066,0.294547352782428
0.147944966044245,1.00543655161324,0.0764436965512284,0.0711267922621391
-0.113015128569668,1.01338195875568,-0.0647446419394486,0.15083476280898
0.224554621485294,1.05020500996131,0.224978151634557,0.22872558718895
0.127943117360729,1.03419658042008,0.236128915678263,0.11749766862875
0.436020396700533,1.05242673602974,0.246737605061857,0.216154086148169
0.355267156863835,1.05139219066335,0.251002634122321,0.205968969147126
0.306931161214725,1.04729366808981,0.19988906059513,0.238470943042118
0.0913854747031407,1.007212605132,0.0834549843411473,0.0866746648415985
-0.605056591243153,1.23720458775198,-0.528878826721352,-0.500961454206206
-0.532790688949862,1.2059303979298,-0.457874573841738,-0.494589728239862
-0.433242558070407,1.17045053164698,-0.491187136811199,-0.358733387997149
0.192194710167633,1.01662139891566,0.132708528691339,0.126124998100322
-0.107027188133931,1.00207443948046,-0.0444846993509955,-0.046629323217557
0.278717478985062,1.02554988400021,0.0819615191163304,0.212214217141533
-0.321502791215047,1.04147095703455,-0.0700094636060022,-0.282418889864101
-0.174327106667102,1.02802531693598,-0.123264588141101,-0.204063454767681
0.0900569417288441,1.00485914362157,0.084850560312815,0.0504210366262677
-0.449624276593145,1.12629839988244,-0.336437633294961,-0.394154543904585
0.245599825645795,1.01643733435357,0.109087711318679,0.145755706258912
0.303751701012769,1.01807277207409,0.137821364385996,0.132202272134027
0.00852034798157171,1.01757188898509,0.187493670160973,0.017282155602116
0.127608204107917,1.00261426859304,0.0590201072707317,0.0418568814426365
-0.0680465105195969,1.00029347034012,0.0224858101898851,-0.00902303414545313
-0.133643855803212,1.02541006950318,-0.046528676500249,-0.222038043816049
0.257158563738429,1.05269949837386,0.239181627861706,0.225761783236241
0.272186778072575,1.03402947869436,0.161748707561608,0.20749534551664
0.45350834214961,1.12006694589228,0.352114323444175,0.361338437625888
-0.143420737960025,1.02765652106387,-0.0423650673330134,-0.23298739527057
-0.16995359019299,1.01224520349859,-0.156919966509618,0.00405907828532085
-0.0345118816307883,1.00051563377769,0.0319905164058604,-0.00285311998562409
0.39929598657541,1.05632050709091,0.273269049174529,0.202822682321385
0.250833573169304,1.02125865483658,0.136739655615447,0.155793153446444
0.0472347902399594,1.0031438997103,0.0786711359459086,0.0104180561989985
0.241177524327028,1.02248150625705,0.173883071546582,0.123422477965797
0.332145499958007,1.1055109205826,0.267094727174136,0.388348815168984
0.061899389746163,1.01909940831422,-0.0537438919353122,0.188878792102359
0.0574141487371508,1.0054469595559,0.104012057149063,-0.01025087546584
0.0494049562330009,1.0003583259586,-0.0097840116184109,0.024920943628518
0.124811962975054,1.00662216176317,0.0928595363589848,0.0683028773914186
-0.31255212946367,1.09122539599336,-0.368319327214323,-0.23476315311662
0.145293914413437,1.00194496630354,0.0484542695857097,-0.0393179254274457
0.221138683247125,1.0675213873266,0.320600994760298,0.1918773424832
0.0419613554429628,1.00725950051106,0.078120360508492,0.0920266844117694
-0.190765970987042,1.02175409030375,-0.160098842137595,-0.135461366443154
0.358526330060524,1.08753720599341,0.336387434739008,0.263781478064078
0.0378991429216134,1.01062477691929,-0.119199884195375,-0.0845803010810737
-0.198890037744189,1.01650912197593,-0.162038229896614,-0.0838713724238171
0.450200058588906,1.12657475282878,0.465715094997543,0.228648472557022
-0.0783704207297089,1.01730703703549,-0.0703305872642945,-0.173110415911333
0.00541313145230371,1.00062320095386,0.0069047648528682,0.0346282328379301
-0.564626561268138,1.12258452270218,-0.298542365602112,-0.413604239039166
-0.419438817626629,1.0750935425684,-0.279730550579743,-0.278526379979762
-0.221928147322167,1.03190229400037,-0.183316235571553,-0.176684753555903
0.0433112747431929,1.00010976052258,-0.00756535806507291,0.0127396408846761
-0.786761461980172,1.40121281719757,-0.721526138957457,-0.665430229159981
0.00666920554792807,1.00586908324576,-0.0204962773548254,-0.106548182735619
0.131919614561757,1.0257055315817,0.181007907706614,0.138953139097221
-0.133061898681673,1.00770383605916,-0.0848163673094475,-0.0909571604920427
0.22699082476329,1.02141426667628,0.163884263788731,0.128175864546628
-0.0448505463783714,1.0007803678866,-0.0392745930789368,-0.00434178370391539
-0.225169165626845,1.01833560283314,-0.154258618328461,-0.114942066576752
0.390755498262759,1.07473066978149,0.244269090451745,0.308834298643856
-0.117271981607333,1.00557502439877,-0.092022276287862,-0.0520867580233312
0.028567856217078,1.01105686210521,0.131210075918001,0.0708512130286115
-0.159835205157564,1.01682591628377,-0.184166387206182,-0.00420545476182894
-0.0791523252127527,1.00799847847137,-0.126681302494873,-0.00357494039237493
0.187416686635507,1.03960822136338,0.113462930854337,0.260598191183812
0.0945324403270801,1.00316713732473,0.0795782331692984,0.00340737640090245
0.098907955035025,1.01514591341558,0.174195942415302,0.0133041035171558
0.270697083595389,1.06730750789194,0.331600267379897,0.170840800384695
-0.198700855245676,1.02371142419449,-0.186183634653046,-0.115415485155555
0.151521149548312,1.00766317513225,0.0420693535747787,0.116684377735052
-0.265616859081092,1.03844721015339,-0.201598734306245,-0.194243554851862
0.254800127385021,1.02211176434478,0.0355383256111151,0.208445403462777
0.0444025473137893,1.00049865076208,0.00598257128836112,0.0310122398018774
-0.25774368458798,1.03069882911835,-0.146299946053238,-0.202327462621277
0.283163053534152,1.03676024685506,0.112614391086043,0.249378845091718
0.0100862379959761,1.01395526927585,0.139400888696169,-0.093127226539687
0.149224712857494,1.00347812638226,0.0796575459923487,-0.0249604786439683
-0.332401152740296,1.0982278899553,-0.307487926332591,-0.33399951113042
0.15373995279905,1.02397471738927,0.116599101888084,0.186892673187949
0.193511930354764,1.01638711070491,0.089907782072076,0.157985282637183
0.0660880143641188,1.00947379584712,0.13031564124722,-0.0453340727083471
-0.234707461679332,1.04838553547741,-0.120917586921852,-0.29067364547073
0.238036653198896,1.03629921954691,0.203787867790251,0.179962711068236
-0.539552472213097,1.10648123258751,-0.343218022211839,-0.326346606076075
0.175352512092239,1.03175790275267,0.12335808293919,0.222052140872698
0.216348901637702,1.01067691049689,-0.0164255018567808,0.14559539931019
0.398750607644138,1.06587616295318,0.233446957036369,0.285647532813178
0.227696342169638,1.04043734468501,0.209576355318367,0.196437316991128
-0.595195548039721,1.1658790095532,-0.4238936426546,-0.423778296558206
-0.0858669787208302,1.00072936894535,-0.0378580477927225,0.00510275289163822
-0.534652332152107,1.13222822018907,-0.284197040556462,-0.448522892092975
0.287722469307146,1.04028873450224,0.257903645418421,0.125245202751094
0.137484186427381,1.00171327526492,0.0313361939288099,0.0494725054149582
0.00870661489324627,1.00034260113156,0.0259861847788796,-0.00316825492931495
-0.318292504191186,1.09307247459089,-0.300179208387116,-0.323573604548241
-0.105617326745529,1.01076159844056,0.0145646052947447,-0.146379237444134
-0.0751399247659743,1.0061609754463,-0.0652841157549389,0.0899882922448016
0.285066761959646,1.04254363607748,0.237658162893603,0.174401349581073
0.205043788589562,1.02381732910277,0.218940348192765,0.0163415820641948
-0.265763881249266,1.05170848048994,-0.231531184032389,-0.229093951808018
0.0466964962882242,1.00469935457584,-0.0966427559706451,-0.00899837782636947
-0.116900272181,1.01058697682217,0.0957764827987437,-0.110058634669357
0.258551737542908,1.01947996142209,0.17347358113276,0.0961577266275086
-0.0699817959772147,1.00850194535689,-0.0286800035240346,-0.127489729729469
0.0624989410846477,1.00023936415581,0.0180044945066364,-0.012434781235548
-0.00706153036538444,1.00464928905661,0.0796350873420436,-0.0545751487948952
-0.541715785411474,1.14042684845237,-0.375881151130702,-0.399107450313403
0.198024698696322,1.01268739377032,0.118197521279325,0.10754117102182
-0.0395161433503151,1.00206440785017,-0.0574250627717959,0.0289039728369531
-0.0197713445372472,1.00124308635306,-0.049700998315815,0.00418673335923374
0.262546306456909,1.01497633355504,0.0698307514879911,0.159061698165992
0.219725954976902,1.00007046990071,0.000540860840362005,-0.0118596895817588
-0.0856831961751862,1.00105128726099,-0.007199959097931,-0.045297244020692
0.486561549701858,1.13124090758344,0.406345412896344,0.338510555829961
-0.0567594023703362,1.00955584143029,-0.107862497150679,-0.0869981532817934
0.0480042035525319,1.00114353431974,-0.0385143198908635,0.0283729355823302
0.346488735212982,1.03057989851824,0.14848352523609,0.20011888957149
-0.200883724722178,1.02003629739807,-0.0644872218973746,-0.190566120340245
0.0488758005055862,1.01020141834326,0.131266766090765,0.0572358431649327
-0.32338415074892,1.04807275057033,-0.2461973797256,-0.19453364928544
0.0935723866841361,1.03621637937678,0.24610422910377,0.114791521054315
0.158318484494726,1.0201628895195,0.156238788309524,0.127756652196084
0.391581155135414,1.06287947438491,0.288105952232545,0.216119729217204
-0.179399300815745,1.00426256349841,-0.0710431904444579,-0.0591283479886335
-0.251686471674161,1.02358701985245,-0.10971102278944,-0.188928236875586
0.22712705652413,1.05762538297201,0.230526767823764,0.255790656638246
0.0516485443529045,1.01517854213923,-0.0615925563315501,0.163688207957928
-0.300203789139594,1.05564166688778,-0.109736900917834,-0.319901768432985
-0.331004672822097,1.0785049424602,-0.277238842205105,-0.293788249056795
0.273763569393505,1.03569311378908,0.227297845567661,0.144899673396546
-0.0994970920065777,1.00209701933818,-0.00048049231110183,-0.0647935590441193
-0.295874116967527,1.04048202622419,-0.245562352402445,-0.149338467844595
0.427281467856484,1.06206710000076,0.202103291908933,0.295196179351303
0.123472844244199,1.00564849897966,0.0521265404455398,0.0927993926770446
0.39261349077655,1.03838715546871,0.20781680842299,0.187243314378056
-0.33802954352269,1.05645070810666,-0.277565275225213,-0.197599637267425
0.316673695670031,1.07950574589639,0.329816814751142,0.237809848683202
0.161124423970266,1.037336021632,0.0568391132859562,0.269880227093733
0.0343670765096653,1.02110815511881,0.194363366509478,-0.0698909594241997
-0.0959130410175183,1.00374481712742,-0.0298390530699428,-0.0813221299650341
0.492407828704783,1.07178492155762,0.212003339987317,0.322145156587065
0.0439482405941971,1.0034592275075,0.0184560167287844,0.0811775628881722
0.0427653039172733,1.00324115797167,-0.0112160286887774,-0.0797936197248638
0.142667385681819,1.00864700886324,0.106120125489836,0.0781492639426553
-0.354620729732665,1.04834294199437,-0.193626902135173,-0.248055531683819
-0.245924166110139,1.05746375914025,-0.303563128268632,-0.161490027713167
-0.382651983849231,1.04190800978202,-0.124292388026113,-0.26480880485114
0.00564037195060913,1.00521938068551,0.0932362102291387,-0.0421071538798767
0.218480935003221,1.05556495334199,0.176406771263412,0.288267274896563
-0.193524368125195,1.02194850312401,-0.176574845176836,-0.114891544894193
-0.194622031723901,1.02311241246563,-0.104490967800373,-0.189316259706802
0.119841252097092,1.00360766842463,0.0228959399033518,0.0818787399553032
-0.251823508147889,1.03493536493999,-0.115735216341278,-0.240201101791639
0.0775557013301367,1.00346397483739,0.00993025371466323,-0.0827123863615137
0.119691993207751,1.00936158322499,0.0354282462221608,0.132497717188172
-0.0360665588069712,1.00402334660409,0.0782027856202164,0.0441271441100092
-0.139163028437249,1.01116032997395,-0.0873614623679618,-0.121709440085626
0.550452013648151,1.15949774904171,0.368014325216063,0.457165710075195
0.0760944956095096,1.00210163147018,0.0620284850386067,0.0189775351140604
-0.151909808501097,1.01048976008262,-0.142827847677342,-0.0262633044320805
-0.000951594178514241,1.00111711888209,0.00283414612280774,0.0471959037897539
-0.0765389973425649,1.00819849069033,-0.128029115200514,-0.00852890914649688
0.0180513809985753,1.00438781506879,0.0556255740387064,0.0755028381687094
-0.147533641508344,1.02011120680941,-0.0912079736192883,-0.179744206600405
-0.366814785048484,1.07360093030586,-0.275004714805625,-0.277473177781704
0.0894965721921824,1.01570721040117,0.170531388374277,0.0507955001950161
0.381493022886483,1.10635062841049,0.395914885277363,0.259351338149817
0.635597917994154,1.16795004249661,0.441793725339307,0.411005603390814
0.29905581139089,1.03869955365258,0.207252582515609,0.18958673423709
-0.00887655273970238,1.00635923130864,-0.0959695874743892,-0.0595713078596865
0.202223489032121,1.00769160262903,0.0623936612686706,0.107468121052497
-0.216760039460629,1.01881058747668,-0.0404365235061053,-0.190630272310879
0.00394186733631785,1.00269965677075,-0.0583301347064104,-0.0447682596635631
0.0836544137043859,1.00447295182947,0.0190201034046316,0.0927585393561638
-0.250693504617883,1.01926935473961,-0.065862309521644,-0.185935939763598
-0.0988310200371105,1.00590603572631,-0.0761918582862942,-0.0777287169680667
0.0936233727517502,1.0020644699948,0.0543945202158483,0.0342700772752498
-0.14281210646182,1.00318447369321,-0.0794607872385355,0.00806669390483998
0.186392305456106,1.0031787714458,0.0329114034071,0.0726944771305422
0.311166278269353,1.02276717931215,0.149860124138892,0.153605489065986
0.0481167183110246,1.01331391792408,0.0633344729897784,0.150976292144675
-0.059082179261952,1.00116342496681,-0.0475413745666821,0.00824749632264293
-0.359655411969865,1.05967187054466,-0.275886428498676,-0.216312625137449
0.00981820416857607,1.01035277374228,0.117004580705785,0.0843958263339466
-0.426045323025454,1.13026050408983,-0.396381708957185,-0.346944300874918
-0.26298685860088,1.04458603217895,-0.204557683538424,-0.222072359218243
0.00158065838730989,1.01029294992907,-0.0905547060478283,0.111766228749913
-0.149534831241085,1.02086588124456,-0.202852003752266,-0.0319094353276151
-0.168856434638704,1.00293052027697,-0.0755849962364787,-0.0125114686171443
-0.15132030602691,1.01292252060064,-0.116101136304909,-0.111948911958407
0.055856967645999,1.00095895509242,0.0355982153356901,0.025526395057147
-0.184834103206824,1.00061005687984,-0.0186938912166655,-0.0295131218318858
0.160589045313707,1.00348212489013,0.0636827342363384,0.0540452063942919
-0.342350245703789,1.07257392439274,-0.28147930013134,-0.266803723521263
0.164379624046043,1.01625701934873,0.0957020661163045,0.153686186486113
-0.0209971333720702,1.00033481339246,0.0210261312058417,0.0150877662841526
-0.316803678862555,1.02938322753756,-0.140558491082324,-0.199682597439817
-0.25428960052022,1.01150791954525,-0.10641895371879,-0.10873489592656
0.330051850049584,1.04337532974034,0.262822735946856,0.139843799219566
-0.18247689470898,1.00784340211946,-0.125252722511066,0.00775104504523049
-0.498930322939708,1.14612899897791,-0.403399141277024,-0.388433797596269
-0.294337834941805,1.06315973018081,-0.313687225667845,-0.178630726166979
0.362200069259415,1.07385712962766,0.283173871931878,0.270151241172909
-0.0683972088739753,1.00325202745102,-0.076229317942201,0.0265277528382653
-0.0124823099840476,1.00239191766952,0.0312763720722362,-0.0617360928401476
-0.0314138814618534,1.00712878305982,-0.00328509975180702,0.119572546126535
-0.0548490567356135,1.01878744381607,-0.0786181094432506,-0.178177014636699
-0.0504446978090329,1.00881305740672,-0.0426593936005082,-0.12603158704042
0.0931146036868259,1.02114588351447,0.0064799427425313,0.206632344420235
-0.0768954505974553,1.00132478718137,-0.0357219673539009,-0.03708463930227
-0.0600345523377853,1.0170315259979,-0.0947336374329978,-0.159306819729492
-0.0404555917153514,1.00007094458791,-0.000472422684515681,-0.0119025638314214
-0.262971795409941,1.01602632388773,-0.109593971497217,-0.142473338713888
0.0481299222278566,1.0029898051539,0.0683055284248408,0.0363717476795531
0.255213852494035,1.04835041919688,0.258882457002821,0.178937069626306
-0.351651539720078,1.08671662352129,-0.260610693606609,-0.336206909826949
-0.157200411560101,1.00850417493865,-0.0707796694739,-0.109867689781143
0.0343853036155211,1.00313604194821,0.0739480282615303,-0.0285238106107138
0.228672174740958,1.04886791699041,0.0194445644530791,0.315825610432461
-0.217598636958606,1.00889510607668,-0.0590383741095745,-0.119932503717638
-0.385794696468941,1.13182307450483,-0.267450877741703,-0.457704599033883
0.0118205812050376,1.00256940512143,-0.053479054900622,0.0478058863788551
-0.107673681648352,1.0173137447196,-0.150217658883094,-0.111184127262405
-0.221621085986392,1.03961465285765,-0.228530592888673,-0.169033708325563
0.51395501517456,1.12469803363129,0.426047232256749,0.288841518380664
0.00643629490371212,1.00130105951478,-0.0355377857429402,-0.0366179951649837
0.394392304702728,1.12066742545835,0.369086570648678,0.345934360609405
0.232330921263998,1.02314184278051,0.17542350253191,0.126672116930827
-0.0220056749685161,1.00850429478626,0.0344323313882549,-0.126076671741814
-0.163407506720037,1.02359648620916,-0.19124077404804,-0.105720068677879
-0.337810775713217,1.06805230895866,-0.137579262755935,-0.349009571690315
0.073661148639732,1.00261620195502,0.0492939211004271,-0.0530033750363937
0.220197098066747,1.03880134333351,0.158104235730227,0.2326183173262
0.515977073249002,1.16240949919143,0.519516350792735,0.285129102459704
0.607185310427447,1.15781980144266,0.466375789995715,0.350771029474492
0.400545147235931,1.08987480591818,0.273545921923402,0.336154311550921
-0.360907058667035,1.0750280401858,-0.300410443440353,-0.25581018872924
-0.100501418463291,1.00331409743329,-0.0699964376306146,-0.0417094333142088
-0.0677476393439695,1.00914132997401,-0.130170521676712,0.0377075476281191
0.738842897346693,1.22201834246498,0.503512924480645,0.489697421069168
-0.170455949243233,1.01578582452356,-0.15175174990766,-0.0937669862103828
-0.0264413096944503,1.00165339607007,-0.0477097352250399,-0.032145093302934
-0.339363045042147,1.03168328228042,-0.18227187002209,-0.176486147715793
0.0326333500027378,1.00947844111712,0.056394798142066,0.125961699824875
0.353175777237045,1.07220695525297,0.317310087647852,0.221228531545452
-0.20117409623719,1.03737815567212,-0.25459620473276,-0.106462248714535
-0.0885099799427697,1.00593643605255,-0.00484910948691698,-0.109016510287594
-0.181215935169342,1.01542390220303,-0.135860385321244,-0.112372847545953
0.199489643895371,1.00995910158995,0.070740679209175,0.122528132236656
0.0153975052883839,1.00643178747044,0.0755555429699377,0.0848310247342667
0.10500389640343,1.0029749503845,0.0532570444866774,0.0558787822999641
0.484884945381787,1.19118139367617,0.431267735398702,0.482619159425297
0.0643714330937495,1.00270852364798,-0.0736393733714881,0.00127518067598804
0.0658463300507969,1.00772890903226,0.117903896026722,0.0402023059173083
0.522706495731563,1.14080426871108,0.386763011582962,0.389677754536629
-0.111798045604618,1.01814834697189,-0.0982539627782989,-0.164232199157045
-0.0260954077938031,1.00032683905459,-0.0123677084068639,-0.0223791135146671
-0.111206996516441,1.00367003048311,-0.0711054708467017,0.0479326830632041
0.108411593695922,1.00150566548168,-0.0388356664980911,0.0387993427721814
-0.127007134178048,1.01019196074426,-0.138308754385316,-0.0368576452410323
0.181266862184078,1.05567778502382,0.300250037374526,0.155902215665451
0.111919677515149,1.00225160455325,-0.0126752353934997,-0.0659364636394521
-0.331320677256357,1.084614433865,-0.344405962725072,-0.240360152662036
-0.229828883670811,1.02846658253028,-0.180466530461122,-0.158667396666253
-0.180441334063615,1.03362062640868,0.00343516026882992,-0.261457069155534
-0.217734966708657,1.04685139550601,-0.269067965392157,-0.153297991743542
-0.0269802423238766,1.006656594769,-0.0604208175904005,-0.0985232185508507
0.41744579470202,1.10630828778443,0.318752668322165,0.349735277114001
-0.226696284787109,1.01554703145204,-0.13613219834768,-0.113153867207796
-0.215022436133018,1.03370775284805,-0.0999544806158802,-0.241993429875646
0.382327523625061,1.08969716921162,0.335551613349274,0.273578207038717
-0.0822823759692199,1.01194261671888,-0.146733414296156,-0.0499716385647827
-0.163841082221015,1.02373631724345,-0.0940613337795108,-0.197960886871102
-0.300301529072903,1.05734201203314,-0.251893774724579,-0.23349872947254
-0.106704263699675,1.01006704984813,-0.141920913754296,-0.00969017172400792
-0.0555655299160862,1.0020336755526,-0.0509253421261404,0.0384460202203847
0.200492374390461,1.0052976504192,0.0849596038453611,0.0583543627572761
0.0299092607189616,1.0192128171254,0.196642395452105,0.0112487734239694
-0.298248601729336,1.03797168824818,-0.229643027137215,-0.157000973538487
0.373765514792985,1.01177340462203,0.116761850141411,0.100260124935135
-0.27663100621828,1.02965361014912,-0.00502008918709981,-0.24527811887257
0.432178658034154,1.10873086278947,0.299876677396646,0.373306984203921
-0.392643123373564,1.13153678682118,-0.273664229486296,-0.453302756917784
0.233108760016671,1.04180050513679,0.279932153830064,0.0835839802554035
0.0490799618404402,1.01610870268504,0.133206748791701,-0.12137898396599
0.273674812401262,1.02195375278567,0.162241700142366,0.134413926241422
0.0217614683980405,1.00068109562067,0.0229841815069973,0.0288856804150742
0.152573442432318,1.00249180509259,0.037008514538148,0.0601680075245688
-0.182104468936869,1.02413701212225,-0.115991582620569,-0.188155713067282
0.171381809991597,1.00242649327787,0.0363251286200604,0.0594925159671934
0.344762446289626,1.09971568977034,0.386640730316344,0.244711143978971
0.0674494498661543,1.00676914701155,0.0761157247403468,0.0882638760854181
0.0625854860890782,1.00413053526596,0.0365382917821976,0.0833251767903433
-0.0243326052821619,1.0024022060054,0.0168770124265804,0.0672707146985593
-0.0751099000913019,1.00009336034256,-0.00864022023849987,-0.0105865950852281
-0.585979617593335,1.17718783074079,-0.525819166488985,-0.330583413070037
0.0129088928396287,1.01479194775725,0.14971867445619,0.0859477501277829
-0.641100276375872,1.27036494986509,-0.489528011458171,-0.611710251543606
-0.475191002149332,1.07526909761903,-0.190434759537284,-0.346320999441873
0.316069132982784,1.06581587813593,0.241309037705748,0.278807163480752
0.00591004434420869,1.00260193519369,-0.0677367277941399,-0.0249474680455418
0.489208539116571,1.1323414886833,0.377411301523423,0.373842154492908
-0.0408708954606025,1.00457894124209,-0.0532461950470955,0.0796472968786757
0.0798765021020172,1.00807027945827,0.0995256805773487,0.0793746006773859
-0.16704928678378,1.01614896856477,-0.152835391148181,-0.0959169929043918
0.191052904864561,1.00871043275196,0.118369390264095,0.0590374846276055
0.21152185124995,1.0077679329908,0.115679610643453,0.0470577777411561
0.324072739832942,1.04246775517357,0.22049000149954,0.195251580826799
-0.420712797948055,1.1134990205485,-0.305693797077326,-0.382663522158709
-0.104446945472189,1.00260098926706,-0.0259246514410583,0.0673547038219081
-0.323423194872384,1.08192672989074,-0.292881488274585,-0.291180155021145
-0.243054050119529,1.01555686370185,-0.0953102994678334,-0.149237026998262
0.0911836912424475,1.01398345505172,0.161654181128577,-0.0450596587012322
-0.124550706500654,1.01613249469047,-0.10638018894202,-0.145631391418701
-0.0615124180763171,1.0076687400167,-0.102368256616109,-0.0701215348107463
0.0304758857257004,1.00205067922365,0.0576793716576186,0.0279043691519632
0.359849932564711,1.06759374590638,0.234194148233191,0.291392359597427
-0.0851391682437287,1.00934856970143,-0.132126937685156,-0.0364281140914198
-0.216412564253923,1.04862031712761,-0.189894505200589,-0.252080634693428
-0.21809229438635,1.02718251949915,-0.112978294156106,-0.205766453568611
0.168610767427564,1.0119462865044,0.150526190246934,0.0371100096981578
0.134471378023103,1.00109522084865,0.0446747435241348,-0.0139931589381777
0.499418732921965,1.19421864461925,0.450810477361517,0.472152607381677
-0.192471714739901,1.00318886197757,0.0441255481188504,-0.0666395438088708
-0.096581474285283,1.00732229168001,-0.0690686944537371,-0.0996379182938218
0.261881305781352,1.05562288955776,0.232285550857189,0.245729745495445
-0.351393066181383,1.09090046361039,-0.252470107433308,-0.355419001121177
-0.122103461485193,1.01125229183877,-0.110699239429093,-0.10186695312504
-0.19154961731553,1.02852178778817,-0.203692929479782,-0.127930678239894
0.13099080036024,1.01067673849943,-0.0418839806698222,0.140403710446296
-0.141396433546152,1.00878970913499,-0.098840374940319,-0.0888102332972463
-0.0955212714507173,1.00346767221818,-0.0317613091248762,-0.0770622373776874
-0.180951903764967,1.01944197629112,-0.17042336728251,-0.101083227631653
-0.0144449320257716,1.00026266825537,0.019067300876512,-0.012721774350867
-0.270588835290707,1.04796815273494,-0.268180260417174,-0.162223910288398
0.341231362643754,1.07358340363867,0.315820909893469,0.229866216400893
0.37950654576957,1.14761586260454,0.323957970359413,0.460514279411814
-0.0948700054574574,1.0111428220353,-0.0592426024505164,-0.137477709496507
0.413652460169198,1.09172372189464,0.371090354453726,0.232707184631018
0.517176669817615,1.1592387330682,0.338523381405129,0.478786341166504
0.201303971256095,1.03639542877945,0.144954693033036,0.230442230857604
-0.208234110483671,1.02050560590779,-0.173468788623485,-0.106490708809388
0.00950709321791412,1.0006702853608,0.0335408412998432,0.014698026022441
0.348164534625002,1.04434339557294,0.133485786763638,0.269878996235188
0.0980575129103121,1.01336712071502,0.0761706902314812,0.145296067723513
-0.0483059194983107,1.00047700410747,-0.00968974286017256,-0.0293316319211645
0.14166188268637,1.02769142547258,0.235641095853003,0.0249587646942595
0.149547480737882,1.00668822376894,0.0688307159741056,0.0931853658765515
-0.414697994205939,1.08664576059238,-0.320983727974878,-0.278869961431403
-0.143530446245136,1.03037983305206,-0.20542242491286,-0.13958591513226
0.467948583494104,1.12318913232181,0.363185722897032,0.36006937893908
-0.133411738479483,1.01833157512838,-0.192122715736455,0.00938397578306035
-0.129613992830105,1.00115194584711,0.0453133805748328,-0.0158718686464961
-0.0214929175548203,1.00110232889455,-0.04052762762488,-0.0237357181731732
0.0359992902180317,1.00182393512117,-0.0414400703408733,0.0439763294490178
0.140114207833284,1.00195217069982,0.0552409347412479,0.0292675844406148
-0.447028450478426,1.08908807927646,-0.370440469759279,-0.221103375792
-0.292678110923556,1.06401365450845,-0.267609370346529,-0.245988377536744
0.0236341510950339,1.00077149907096,-0.0131518878662716,0.0370219016027488
-0.351802096738487,1.0607463410677,-0.226322410001726,-0.271957656298767
0.0816454806042049,1.00396933086035,-0.0521367335451799,0.0723614422424636
0.0214372891855306,1.01229002142067,-0.143495814223395,0.0643431330308961
-0.0843108091957017,1.00563680975072,-0.0944094915359885,-0.0489105411288808
0.027562307531125,1.00535843508916,0.0620433355297136,0.0830434074521492
-0.146234051635483,1.00290064919766,-0.0358415734587879,-0.067268817241659
-0.0739947139996745,1.00007310246734,-0.0115570564346968,-0.00355594224092117
-0.0142036510325097,1.00239051872341,-0.00731421534408108,0.0687986502809642
-0.215128157694294,1.06370499181473,-0.284407072702053,-0.224902037804493
0.14037832045616,1.01497372993671,0.155169362929286,0.0780649810718754
-0.0940309116128786,1.00410424889033,-0.0822845789253289,0.0381390968782711
-0.184165159369502,1.02506180398925,-0.143335876612311,-0.173800254526474
0.0136048656854078,1.00174344179559,-0.0130093764357723,-0.0576253356192155
-0.156604528340032,1.01465818561134,-0.163407486907303,0.0531904770682307
0.0491567736289189,1.00559274586305,0.1003281674571,0.0339268234158146
0.42403146049893,1.03980466856694,0.247869259626684,0.140550983296866
-0.174352040798077,1.05287341254126,-0.171153344714798,-0.28151190992427
-0.114463808399991,1.01868472986572,-0.0398311371357501,-0.190084348056512
-0.0824002849048037,1.00081540129067,0.024451581337662,-0.0321494577043938
0.229278107310955,1.02956468622086,0.0975218954238614,0.224706303930247
0.535856649303579,1.11098922310762,0.354742895635003,0.329324356611793
0.345740061315248,1.05959236079368,0.271434118627019,0.221493770335661
0.14222898723397,1.02305819682557,0.189526284956713,0.103575389946092
-0.175703292349543,1.01023488025968,-0.116672648237143,-0.0834386388109779
0.563553785515383,1.22604609705875,0.49609252936907,0.507031788369518
-0.257924175287997,1.05123526276851,-0.221777237019347,-0.236453874631084
0.0122485871927296,1.00123606673857,-0.00896236015139734,0.0489217481151606
-0.374151457726165,1.03578723906111,-0.239183704502016,-0.125085411229785
0.0151967712107028,1.00370910956929,0.0367942954832738,-0.0779625323618256
0.283030091649397,1.01081694603031,0.132490386231345,0.0647857695664476
-0.152673074662922,1.03372850249633,-0.244557379240652,-0.093735292885093
0.236304946690758,1.01233254263663,0.109822382550689,0.112943442359613
0.280108304266898,1.05823110894287,0.314955209457379,0.143722983444212
-0.556276254284984,1.22734460412461,-0.409240561828026,-0.582148554776587
0.213746676479766,1.01598161664008,0.1238433239553,0.129928736091347
0.112910838459288,1.0096941960778,0.136084347972937,0.0310390049773545
-0.168438124355836,1.03690033046457,-0.229755370607988,-0.149581967477084
0.07262930903578,1.01614733513489,0.129308890797176,0.12583567642981
-0.117995822480091,1.00281165491264,-0.0750389229595674,-0.000612592607902556
0.0705272755657119,1.00419115266673,0.0888623820795985,0.0224354216646829
-0.336144103910921,1.09607330166117,-0.332110650958905,-0.301793303660073
0.30571941805551,1.05263579436646,0.23266741654715,0.232180939912764
0.00790974136477267,1.00655550599165,0.03221825644079,0.110072569671241
-0.0868145594226846,1.00504036609062,-0.09564748537503,-0.0309466640042701
-0.234147658444238,1.01178637183746,-0.108839277014748,-0.108929674629634
-0.451556519865023,1.05057092075171,-0.257797947507543,-0.192975329485388
0.633542059170857,1.14072221807411,0.426366338138675,0.345628303977176
0.0726105229319538,1.00063051879891,0.0331856918188578,-0.0126548413768225
0.128204190334919,1.01097724746892,0.148282801967486,-0.00933839068109934
0.00156166793583559,1.00333154617118,-0.0622323462861356,-0.0529275600984977
0.0376556191740252,1.00121340359532,-0.0248867600323491,0.0425315026071853
-0.336894381629423,1.05573016859322,-0.131257683673887,-0.311989758412747
-0.0101002324067498,1.00265378546743,0.0719457079210503,-0.0117655694253911
0.213021715316684,1.02053316270138,0.105026094404109,0.174520645390477
-0.10730270134598,1.01144263671288,-0.0581990134566866,-0.140103826476514
-0.0351219614050429,1.00910507480984,-0.119134622329072,-0.0640311937221208
-0.116125051835408,1.02686998120545,-0.161286127712368,-0.168667552624799
0.596845331008058,1.18459677953088,0.363678967091795,0.520583460138693
0.173076187345419,1.03249950925024,0.212132708324108,0.145103241387142
0.0252719772194794,1.00087012203711,0.0294475223152616,0.0295608629116457
0.23579026117591,1.01775207520897,0.130612663346989,0.1369657576388
0.023855551805712,1.00287742031283,0.0435091290253592,0.0622099338109503
-0.00363125003973336,1.00046351187248,0.0269717784815192,-0.0141337098374633
-0.325408726305921,1.04567836880898,-0.28127690603301,-0.119693580143251
-0.437785904674313,1.12206713973685,-0.412948838791916,-0.297502811108817
-0.104616529063271,1.01338981403695,-0.149431816070426,0.0680371041398056
-0.000115134969120578,1.01008892835377,-0.13888868051565,0.0314575524713487
-0.187148772211057,1.01626838164812,-0.123517320691927,-0.132457144113749
-0.0085148013423893,1.00305194000332,-0.0202024529872816,0.0755318160625943
0.330892194373111,1.05656198206202,0.192860576252846,0.281297031740906
0.305794331153497,1.0520953370404,0.259348345007118,0.199105585467164
0.012665677895673,1.00354505975097,0.0308606699136397,-0.0784238866867099
-0.0312720807293558,1.00105821431586,0.0147268402366231,0.0435966584258303
0.246152231664896,1.03130401751437,0.209236851840599,0.140740599590597
-0.0137165405824894,1.01944698558902,0.178511212063697,-0.0860575597730824
0.092818281335123,1.00800245253943,0.064747807330426,0.108980116403926
-0.0883078802448303,1.00095925166608,-0.0395573532394746,0.0188318692806805
-0.116386021757913,1.00614034125339,-0.0951069533710076,-0.0572106084390686
0.391129625193338,1.07369183944097,0.324104084190477,0.218565113165799
-0.0113811789862326,1.004228447542,-0.00552538117082384,0.0918925732337895
0.258781585216744,1.0693003882454,0.304064417436079,0.225716969568132
-0.751007400441608,1.27321860886222,-0.543332515498755,-0.570854975939468
-0.22364475159329,1.03852350971684,-0.122754762968387,-0.251917344387302
-0.0239084218215924,1.00023364389537,-0.00938737558464976,0.019473560533247
0.0751865687872775,1.00974407249818,0.115990264782923,0.0782901680978407
-0.286221083806713,1.03753345243254,-0.0671031862352204,-0.268277519210352
0.0980512720052014,1.00216228932809,0.0376289763513301,0.0539751265868221
0.00908502487699262,1.00819830809285,-0.000392682834868046,-0.128310850053565
0.613190646679574,1.13065407026769,0.405922512402476,0.337054210087573
-0.226709747262597,1.02014026185322,-0.123069038215732,-0.159812908385412
-0.0425281349006627,1.01129943644232,0.0483507341198672,0.142789203578622
-0.064486998707557,1.01916192413178,-0.13468961404434,-0.143351789206045
-0.00329204415987927,1.00398370311878,0.0886684622481899,-0.0110081756276151
-0.289499633039366,1.09670376072033,-0.405863205206507,-0.195023581747495
-0.0755900619446354,1.0067462387576,-0.0798108405164102,-0.0846653352242748
-0.01620692888309,1.00045058565352,-0.00909424855118994,0.0286123920313012
-0.286417559875981,1.01777515234305,-0.119125214741692,-0.147225826333764
-0.32229842421326,1.10835459906633,-0.272190786146525,-0.392889416004577
0.292032380514107,1.0174819191207,0.149686569043084,0.113416871697554
0.231279656753619,1.02234666273075,0.125680683308645,0.171455722096941
-0.124328829137766,1.00773923378271,0.0149306875896129,-0.123755556938144
0.0983806266669612,1.006398561174,0.0958720937040663,0.0603871309294229
-0.38141531374056,1.09085679807977,-0.243866421020892,-0.361244685241599
0.0603831917000154,1.00236315448129,0.0543109290962251,0.0422163054090218
0.0676897742716978,1.00546216008042,0.100668709268081,0.0286350541799007
-0.0954874875675246,1.00057543869224,-0.0337672365991665,-0.00331394728744593
0.1994202434589,1.03486942699743,0.182150499445182,0.194360300694016
0.0546607680658094,1.00004536693373,0.00746016324980008,0.00592299669943242
0.425042279509432,1.11213648464923,0.352284328295774,0.335772709619371
-0.306855295548917,1.02525087122762,-0.0916439901313892,-0.206738308075195
0.0894887405743059,1.01498176999013,0.0120741777761228,0.173326880902349
0.342013340683073,1.05976975932985,0.2575076156001,0.238331220569196
0.389494021994602,1.11585990321583,0.374939035319124,0.323363639574403
-0.328648830824924,1.05490990160961,-0.12788043174536,-0.310614706172483
-0.137360861304206,1.01032947359879,-0.140679622072578,-0.0312232150158033
-0.317512138158364,1.04927359167944,-0.190308602084269,-0.254475354737154
-0.197360458910931,1.02350177023253,-0.0443515365928074,-0.213515373851583
0.181312752125358,1.05439922220196,0.202363126204181,0.266095631179767
-0.038870942937757,1.00670334889371,-0.0334534674630723,-0.111051781563852
-0.246157283290696,1.00513810877976,-0.0972674372550119,-0.0290114351799543
0.385850781724645,1.09335201277429,0.227761319007927,0.37887122535417
0.279719246676995,1.09950962972731,0.320170797441051,0.326208654589438
-0.477726210981103,1.09598102746186,-0.362397768116654,-0.264276881736602
-0.127549004009847,1.01933635268862,-0.0573228194499419,-0.189104982173511
0.444457767440066,1.08995212237578,0.367273046891028,0.230447690591286
-0.280895019470191,1.08780102648446,-0.218667699303304,-0.368097148185167
0.29835653180107,1.08976938224961,0.3674474660154,0.229302564764471
-0.199612324322722,1.02566857001077,-0.132191255491437,-0.185799589556934
-0.0215196184806182,1.02167843166263,-0.181975322911363,0.103497824015334
0.0266977962232712,1.00427354045049,0.092495270088293,-0.00315738186637791
0.326276958446618,1.07695936575001,0.322069778125016,0.236880842397939
-0.249039872566169,1.06195899293132,-0.274913062869696,-0.228428786564452
0.32291279288622,1.01559341110277,0.115100623016851,0.134839991310074
0.132729938579862,1.00001000813807,-0.00365734948899108,0.00257685293026906
0.0233463156452481,1.00103143252993,-0.0232047991380121,-0.0390572171292835
-0.0158701936082747,1.00233907333226,0.0625236057982202,-0.0278283425048008
-0.156379074624083,1.02992129520511,-0.0819214941650446,-0.232436535662389
0.0098790411384458,1.00573001040734,0.0451450655745868,0.0972356770337456
0.153791455845639,1.02524994004211,0.222191372973132,0.0420527446506979
-0.220221435437199,1.04853776391326,-0.244926430404942,-0.198601324369464
0.175876524907539,1.00546060492159,-0.0299849421986909,0.100259320218303
-0.238722437368262,1.01233361102779,-0.0149608438505187,-0.156829567262856
0.0176957004367953,1.00849976655437,-0.1133249715875,0.0650325299747358
-0.000124896414387379,1.00439259779015,0.0515297189929809,0.0784166981972222
0.218931673337755,1.04750409703916,0.186137274256785,0.250235386078962
0.298741670627138,1.05789888205175,0.282947668446075,0.197713584680633
0.0226460642025717,1.00561649547147,0.103280977421829,-0.0244453608505765
0.411749326110633,1.12301162172034,0.338916215030907,0.382479936347102
-0.0450928973289002,1.00866315595935,-0.0927184052596539,-0.0938331472135107
-0.0188159417051126,1.00082116658815,-0.0154604081399855,0.0374697647579176
-0.126662601965341,1.01647954714459,-0.0394916775605318,-0.177963696204367
-0.0401677331733046,1.01570598443894,-0.0794016698452185,-0.159229462257686
-0.247395928076459,1.03160779597485,-0.177967728736698,-0.180394379747241
-0.489846335625841,1.12741506144304,-0.432939092534629,-0.289185862247636
0.190866735660753,1.00084889775055,-0.00649780246389022,0.0406976005635767
0.144479205600008,1.01749238871465,0.0564308604569369,0.17918236263741
-0.0312428967456005,1.00470971089679,-0.0915700422081099,-0.0325043157181833
0.166317408967613,1.00698706607012,-0.0645187712847751,0.0992989394928951
-0.239043311404149,1.04233544627934,-0.116801630183462,-0.26985285204503
0.123547821326615,1.01589796379663,0.054004623075256,0.170681497335337
-0.362804035204896,1.00094216972519,-0.00101210730621722,-0.0434074045869006
0.071897697024846,1.02509232356951,0.141158533463143,0.175751359231371
-0.207414974178235,1.00509103371161,-0.0840623409721782,-0.0560491648265496
0.0989779259587163,1.0022344609614,0.0604063578130767,0.02872258126183
-0.209164441630228,1.03767161703329,-0.0991669405937361,-0.258705049602356
0.194689239577945,1.01029427810293,0.0971236400243278,0.106120341668962
0.0933222162948372,1.02661071058647,0.126602255688819,0.194682870189836
-0.300445789900671,1.07741868053606,-0.284490276805176,-0.282659327762904
-0.0461468436053828,1.00306630164693,-0.0519887343725262,-0.0586444967408759
-0.0592561565729475,1.00801059515672,-0.0464900893363301,-0.118000133651204
-0.0518435487238627,1.00244033945964,0.0181619529108241,-0.067503908349187
0.345691007093667,1.09806825313876,0.341158504466462,0.298939397506271
0.0169729183359075,1.01108089703692,-0.146565432578624,0.0283399775233932
-0.12032000123823,1.00522084372561,-0.0649432686836736,-0.0790652674258236
0.0563659103101443,1.00182940654516,-0.0244301421508742,-0.0553654041176296
0.518931817120005,1.15524064648324,0.404628798571753,0.413347900264903
-0.135729439602528,1.01339013110912,-0.158148439266602,-0.0441432779355204
0.0784920685950984,1.0005489736314,0.00866625651336803,0.0319866320965879
0.600112545293246,1.22232280166384,0.419662083911743,0.563876552796963
-0.14417039021978,1.00240779433677,-0.0413234013666903,-0.0558010989730857
-0.0806810746070045,1.00163475802997,-0.0259618200313134,-0.0509722708384417
-0.52134279377012,1.16061812439441,-0.378264176892899,-0.451608949371402
0.469983534319316,1.12766642200561,0.445673484260081,0.270197529127164
0.165479018456152,1.01205708598471,0.0919281617607522,0.125732884986965
-0.385089030757228,1.08335631780832,-0.258360754263289,-0.326971913154182
-0.646905073423878,1.17761320458902,-0.402754040678919,-0.473879776250498
-0.20143837623869,1.02294856429449,-0.161700098131821,-0.142396781762486
0.306103455514802,1.06843505067965,0.161792010531817,0.339671610307526
0.00403394124709756,1.00673790674647,0.0952918464117327,-0.0666384040003417
-0.199122012211866,1.03083480901685,-0.167477405752767,-0.185934725221295
0.236150117427425,1.02085181305679,0.170056489274361,0.114974843670288
0.26736742400835,1.03120361945495,0.195065239918733,0.159155449018993
0.0340301724291086,1.00094655330161,-0.0397378471254475,0.0177455930365063
-0.247113353576098,1.06856404145677,-0.258917465861203,-0.273479170260635
0.392660451914277,1.06800352784683,0.316469441531579,0.201193011980946
-0.188776900658621,1.03413285554091,-0.23937452445125,-0.110139002868786
-0.0397172882992406,1.00038255550737,0.0274587017786981,0.00335813342317543
-0.316190904787322,1.05245348241039,-0.276649126106351,-0.176418801895802
0.168197133371583,1.02829698464671,0.139663750143273,0.194650264652883
-0.0799108889247614,1.00011301773091,0.00499230388591751,-0.0141818594246752
-0.00863072853730937,1.01002482502404,0.10096652286809,0.0997792985783035
0.140803393238319,1.03293813324398,0.257131568368201,-0.0290610333275846
0.124886114951467,1.00448230239843,0.0946815856907011,0.00448253976561655
0.0852479743309649,1.0003012191311,-0.0244776181270162,-0.00183717337127819
-0.483802424936206,1.13843766650741,-0.352395208159154,-0.414557520483359
0.012351547421053,1.01271439252926,0.0337005089552325,0.156380038790319
-0.209393119705886,1.05653816012574,-0.285948617615334,-0.185758638791754
-0.331592805056719,1.07633055231211,-0.289944382570503,-0.272799766965252
-0.446585947857668,1.10323992410012,-0.322001642703376,-0.336828253305392
