"","V1","V2","V3","V4"
"1",-0.581587,1.19116887434041,-0.516934102694195,-0.389438596789211
"2",-0.581587,1.19796187326798,-0.368947181569496,-0.546800353891312
"3",-0.581587,1.12903802018602,-0.382858373346895,-0.357975302197984
"4",-0.581587,1.15832501455679,-0.432022628126004,-0.393793458725623
"5",-0.581587,1.17678204185895,-0.428947323086463,-0.448129633095916
"6",-0.581587,1.15559231448079,-0.436269511717488,-0.38087072666831
"7",-0.581587,1.18298561431343,-0.412947035591472,-0.478465996146798
"8",-0.581587,1.16108168895564,-0.449102000120697,-0.38264615758644
"9",-0.581587,1.15756135731639,-0.404223285434953,-0.420180712865718
"10",-0.581587,1.20345783529151,-0.462241840021966,-0.484399878878631
"11",-0.581587,1.21502481332912,-0.460014288726587,-0.514462973568398
"12",-0.581587,1.24951373823932,-0.515905087942984,-0.543255485276803
"13",-0.581587,1.19716056105055,-0.498607693407775,-0.429632141499487
"14",-0.581587,1.19994152022396,-0.401927411872104,-0.527554743645804
"15",-0.581587,1.17230145320324,-0.437731551117036,-0.427412899125767
"16",-0.581587,1.14249828010594,-0.326598807848792,-0.445685470659272
"17",-0.581587,1.18730528671074,-0.406470007046932,-0.494445120536697
"18",-0.581587,1.25585486690773,-0.550052197903769,-0.524036283397507
"19",-0.581587,1.15749960539009,-0.414480338686693,-0.409891919071831
"20",-0.581587,1.17276152747491,-0.505994840553188,-0.345454514601904
"21",-0.581587,1.28466702655065,-0.495825318553816,-0.636024073905619
"22",-0.581587,1.20114022226417,-0.38453268768147,-0.543021588562816
"23",-0.581587,1.21898030950763,-0.492098720736223,-0.49371230895846
"24",-0.581587,1.10167577052293,-0.317719172646646,-0.335773779038855
"25",-0.581587,1.2318669050724,-0.42278412456418,-0.582022040672982
"26",-0.581587,1.15476312172101,-0.380006120164541,-0.434825500545147
"27",-0.581587,1.19701784357816,-0.462387313927276,-0.468027445523898
"28",-0.581587,1.16302303857952,-0.473949624031532,-0.357762969222785
"29",-0.581587,1.16878305524184,-0.414913089932039,-0.440341864945304
"30",-0.581587,1.20225260368461,-0.555151075700743,-0.370430298726675
"31",-0.581587,1.1671775605712,-0.425273404005714,-0.425964775241257
"32",-0.581587,1.21063006321247,-0.456346901804186,-0.507319086145536
"33",-0.581587,1.15166681386603,-0.465600456088519,-0.330987409806615
"34",-0.581587,1.26113045907234,-0.470435181357864,-0.607569563869691
"35",-0.581587,1.10231429300768,-0.303097389841645,-0.351039560221087
"36",-0.581587,1.21999112151726,-0.456963457746678,-0.52873692406068
"37",-0.581587,1.14815165950432,-0.427067669148514,-0.368599293529684
"38",-0.581587,1.16229252220088,-0.492636874701603,-0.328987563364215
"39",-0.581587,1.19597754398696,-0.442617276813616,-0.484202676559277
"40",-0.581587,1.19162343874136,-0.447805954195749,-0.468440227931613
"41",-0.581587,1.23461300196486,-0.544283971052329,-0.477518820023039
"42",-0.581587,1.24610753145944,-0.545080053642783,-0.505639906534995
"43",-0.581587,1.16133541781714,-0.405851566121269,-0.428934096282197
"44",-0.581587,1.21696459834484,-0.476336743805232,-0.504089416795922
"45",-0.581587,1.17867981679134,-0.453146068685051,-0.428887806945546
"46",-0.581587,1.1639188082666,-0.433360729115115,-0.408540659785008
"47",-0.581587,1.16253658642857,-0.365834452245345,-0.466536674159001
"48",-0.581587,1.15696807347022,-0.324975972966025,-0.482665246339723
"49",-0.581587,1.18379940584262,-0.450392957593,-0.445563931466587
"50",-0.581587,1.20545445224855,-0.416742784740814,-0.528626416112866
"51",-0.581587,1.15298042694595,-0.369576476334216,-0.439063882664991
"52",-0.581587,1.13548682014687,-0.391973147442114,-0.368357666421603
"53",-0.581587,1.17435577115843,-0.354911026700333,-0.503139782147694
"54",-0.581587,1.23469697950802,-0.509598553491308,-0.514573556924361
"55",-0.581587,1.14817195881819,-0.455693224383262,-0.332629722465664
"56",-0.581587,1.16529290615391,-0.441623438648247,-0.403579354735997
"57",-0.581587,1.20929901315892,-0.459491328330648,-0.501270208985203
"58",-0.581587,1.28436020478741,-0.583480012529375,-0.555996592273969
"59",-0.581587,1.16739598565704,-0.304036743748718,-0.519976005002972
"60",-0.581587,1.18120095213733,-0.390311294069195,-0.492841539495365
"61",-0.581587,1.1755662581553,-0.448481519242895,-0.425229766374414
"62",-0.581587,1.20432170845946,-0.512612751317003,-0.433150025573028
"63",-0.581587,1.236620086288,-0.446493676137229,-0.574345396934991
"64",-0.581587,1.256924909472,-0.544932863294847,-0.531891344686565
"65",-0.581587,1.13953742370603,-0.381536332061749,-0.391120911411612
"66",-0.581587,1.29316686365478,-0.595776560964431,-0.563321246412868
"67",-0.581587,1.2087262820983,-0.465200593988777,-0.494578236872258
"68",-0.581587,1.27859344955357,-0.663999688864594,-0.440347161259187
"69",-0.581587,1.14056965067912,-0.340854881399059,-0.4297872472244
"70",-0.581587,1.13531367304095,-0.403685323487139,-0.354929987173254
"71",-0.581587,1.18005325779709,-0.461877937725303,-0.423313668430559
"72",-0.581587,1.14027645017435,-0.375863044757993,-0.398694562801493
"73",-0.581587,1.20500203092019,-0.505604577569669,-0.443163520229697
"74",-0.581587,1.17107057771177,-0.489726039107205,-0.362732276758698
"75",-0.581587,1.15528872098634,-0.407908835005238,-0.410246768619714
"76",-0.581587,1.15750962026257,-0.421827926935272,-0.402355217510462
"77",-0.581587,1.15318460405721,-0.404047248955478,-0.408142807906865
"78",-0.581587,1.11905320265972,-0.278487884467661,-0.418000680128288
"79",-0.581587,1.2139756284583,-0.493346729036517,-0.479943571099443
"80",-0.581587,1.19163784062703,-0.437288755103436,-0.478308778797073
"81",-0.581587,1.11111680627036,-0.340536168259987,-0.344406264872251
"82",-0.581587,1.18707659337679,-0.538246218679843,-0.345603597521635
"83",-0.581587,1.1699285404175,-0.391089897995274,-0.46452285344153
"84",-0.581587,1.18597744128898,-0.363206021601132,-0.524045682282601
"85",-0.581587,1.13872148095064,-0.399601286186607,-0.370142436443636
"86",-0.581587,1.17192635226998,-0.376941525627263,-0.480964095752077
"87",-0.581587,1.10237968289829,-0.267004867965195,-0.379406596871782
"88",-0.581587,1.18528174128658,-0.496813895555735,-0.397578620413727
"89",-0.581587,1.15893267215844,-0.456209822565171,-0.367420108855461
"90",-0.581587,1.1158190487259,-0.367111004012214,-0.332086826346249
"91",-0.581587,1.17979750000618,-0.438820369679105,-0.44649616367393
"92",-0.581587,1.22884234015593,-0.514104704545531,-0.495731630747985
"93",-0.581587,1.18203627228695,-0.478587396465153,-0.410077862053938
"94",-0.581587,1.21341763006327,-0.504564069449795,-0.46668773796687
"95",-0.581587,1.21492020303823,-0.546754880084015,-0.420820865517348
"96",-0.581587,1.25429836581966,-0.480684651513435,-0.584984321411493
"97",-0.581587,1.24758285838639,-0.513846876114918,-0.54076277280013
"98",-0.581587,1.19257570032574,-0.438854026021116,-0.479211795402083
"99",-0.581587,1.21846772552095,-0.471336186340666,-0.512353196127463
"100",-0.581587,1.17154654637809,-0.428557173504614,-0.434580325564996
"101",-0.581587,1.14372585502053,-0.449652681430278,-0.325455523113368
"102",-0.581587,1.18688467862742,-0.449666961843608,-0.4544170593044
"103",-0.581587,1.13110646549423,-0.269287786060051,-0.454847144172336
"104",-0.581587,1.21988754437154,-0.464706239601333,-0.521702723577718
"105",-0.581587,1.17825907710544,-0.510708554786559,-0.357031125882863
"106",-0.581587,1.25837574829716,-0.443438171137523,-0.621990443882094
"107",-0.581587,1.17391028687047,-0.485891356845398,-0.376795635541662
"108",-0.581587,1.21291882649278,-0.507052309273694,-0.462677031330534
"109",-0.581587,1.16872819083862,-0.428489076377008,-0.426992617601869
"110",-0.581587,1.20264399764091,-0.478087984921443,-0.466673830137768
"111",-0.581587,1.20046175084155,-0.482895763253884,-0.455982562237867
"112",-0.581587,1.15534366044735,-0.414417406083615,-0.403828165524412
"113",-0.581587,1.19966077249952,-0.41049693090953,-0.520267468508276
"114",-0.581587,1.22540241751772,-0.400480993818606,-0.584145579841476
"115",-0.581587,1.11876600089649,-0.318795440150264,-0.387307154725182
"116",-0.581587,1.11986239891247,-0.371227559065911,-0.341001307751099
"117",-0.581587,1.13720605752498,-0.353422831812793,-0.41028029348842
"118",-0.581587,1.20329325913209,-0.422762358465145,-0.518832011095792
"119",-0.581587,1.15240677753569,-0.346326815365363,-0.456178822249664
"120",-0.581587,1.12960804603128,-0.376948659382932,-0.365956344183316
"121",-0.581587,1.22576787192727,-0.460237147654413,-0.539155491271345
"122",-0.581587,1.18063780844164,-0.413056631066541,-0.47253555871896
"123",-0.581587,1.23728637782633,-0.483142553481218,-0.54539055159605
"124",-0.581587,1.15336259897205,-0.343136891623196,-0.460979780809018
"125",-0.581587,1.21843491516933,-0.488318171977788,-0.496113903675322
"126",-0.581587,1.18310365199688,-0.412330867718411,-0.479288542419842
"127",-0.581587,1.1243273668508,-0.294718228262831,-0.421014481674062
"128",-0.581587,1.21767758913241,-0.415763644858794,-0.556668036345774
"129",-0.581587,1.12359355698367,-0.418256766410545,-0.295844145872467
"130",-0.581587,1.20917228663627,-0.545867022812758,-0.405125674543997
"131",-0.581587,1.10528691597666,-0.345994343097403,-0.31929153006898
"132",-0.581587,1.22264187255037,-0.401004226100225,-0.577969514043108
"133",-0.581587,1.21638066004523,-0.46900240362984,-0.509527875117249
"134",-0.581587,1.1975782469191,-0.443907660997252,-0.486969861492249
"135",-0.581587,1.14912030755772,-0.408586320857239,-0.391835041375691
"136",-0.581587,1.17383988356961,-0.396149821066159,-0.470069560307794
"137",-0.581587,1.13231549535921,-0.396798205733506,-0.353114096231296
"138",-0.581587,1.13082105088033,-0.395800104198945,-0.349425995927885
"139",-0.581587,1.15588191409343,-0.415288729668989,-0.404472830160702
"140",-0.581587,1.15870018925344,-0.387966717537708,-0.438255581435061
"141",-0.581587,1.18456558759661,-0.513470083795175,-0.373556025738403
"142",-0.581587,1.14710491561638,-0.34746697751851,-0.441719805946503
"143",-0.581587,1.1749347746696,-0.358723904630561,-0.501785696263373
"144",-0.581587,1.12823775388063,-0.317958561846016,-0.414515117010736
"145",-0.581587,1.14182954593928,-0.307796500032009,-0.457204578441593
"146",-0.581587,1.17165817307319,-0.412819219039358,-0.449847937553286
"147",-0.581587,1.25791273469152,-0.62418810517448,-0.439014416002257
"148",-0.581587,1.179302107227,-0.43714949080627,-0.446826345237019
"149",-0.581587,1.25619935453523,-0.61852912845822,-0.442106927771378
"150",-0.581587,1.17361710085442,-0.459346584398988,-0.407894367231178
"151",-0.581587,1.10486834256777,-0.25275981830072,-0.396038544413344
"152",-0.581587,1.14670322185731,-0.316410879783004,-0.463478623210274
"153",-0.581587,1.17880154625835,-0.447412542221752,-0.435195476221593
"154",-0.581587,1.19510583018542,-0.516742170115091,-0.401566277179648
"155",-0.581587,1.18259775849729,-0.466429455165403,-0.425418642935301
"156",-0.581587,1.13243073382923,-0.433441159337113,-0.307454270280159
"157",-0.581587,1.16936915425623,-0.368354858455126,-0.481392685007182
"158",-0.581587,1.22723940488094,-0.518439630968565,-0.487172357522172
"159",-0.581587,1.18064215610938,-0.32984983080847,-0.533961599647615
"160",-0.581587,1.18946296490967,-0.394747903848244,-0.508916729238802
"161",-0.581587,1.17744511820507,-0.479650797022408,-0.395363275103684
"162",-0.581587,1.11044304394473,-0.330042262853255,-0.352357572042868
"163",-0.581587,1.16945657346214,-0.474615899873108,-0.377317405908409
"164",-0.581587,1.17976465744159,-0.533261896885928,-0.327835928900261
"165",-0.581587,1.17352817617378,-0.452821247531466,-0.414875039087445
"166",-0.581587,1.2912606918573,-0.62767494024047,-0.522855949311004
"167",-0.581587,1.15807060767329,-0.349671105864512,-0.46782224196833
"168",-0.581587,1.19167163026199,-0.465071840874195,-0.451430456656564
"169",-0.581587,1.14025533433546,-0.308708812925016,-0.452637930693949
"170",-0.581587,1.24597542740393,-0.467991488138816,-0.577441540525116
"171",-0.581587,1.22920428238913,-0.485173907038426,-0.52492804056637
"172",-0.581587,1.23077036808065,-0.415757203172911,-0.584757767759619
"173",-0.581587,1.19303377540859,-0.433076488763129,-0.485566003902939
"174",-0.581587,1.21266482945724,-0.533080470857037,-0.43171889024386
"175",-0.581587,1.15524667238781,-0.436518453001585,-0.379534602180374
"176",-0.581587,1.15007458270553,-0.33305807089122,-0.46015635081949
"177",-0.581587,1.13293005431917,-0.459235388614507,-0.269505780687036
"178",-0.581587,1.20761055675017,-0.508076873676334,-0.447416078398766
"179",-0.581587,1.15533302753406,-0.419753106960139,-0.398248331708166
"180",-0.581587,1.20172761300625,-0.482894563248087,-0.459306103429011
"181",-0.581587,1.13448773177814,-0.325805245504516,-0.425339106545428
"182",-0.581587,1.14056571390231,-0.29040612214803,-0.465354093082285
"183",-0.581587,1.24911006156747,-0.483832100445703,-0.571123843388966
"184",-0.581587,1.16988372816598,-0.408417621922854,-0.449247129685214
"185",-0.581587,1.18105014544878,-0.38453050740765,-0.497006775544759
"186",-0.581587,1.13788389630972,-0.362226872992871,-0.404439679016275
"187",-0.581587,1.14545280304052,-0.455556109794754,-0.323312163121111
"188",-0.581587,1.01432983640555,-0.118170558186422,-0.122068571714496
"189",-0.581587,1.21549633208264,-0.384606240156731,-0.574029070116544
"190",-0.581587,1.20949855099376,-0.514939310256919,-0.444661952058123
"191",-0.581587,1.22297094420377,-0.494198187038454,-0.501424054363741
"192",-0.581587,1.20738921274709,-0.534757741624895,-0.414515221469956
"193",-0.581587,1.23185671913566,-0.581382819530909,-0.423633088455039
"194",-0.581587,1.22034950057868,-0.559066412487014,-0.420354195877174
"195",-0.581587,1.10564320043606,-0.348576713825685,-0.317712387622803
"196",-0.581587,1.19337587203638,-0.436501592394221,-0.483334596109058
"197",-0.581587,1.21197943202542,-0.54048960394562,-0.420434455866023
"198",-0.581587,1.21572997523639,-0.468369776117279,-0.508555921711783
"199",-0.581587,1.14598151589662,-0.372215816808735,-0.418006005332608
"200",-0.581587,1.22530985015554,-0.561985527453364,-0.430762690841669
"201",-0.1686224,1.0415615590609,-0.274499097783193,-0.0974716709079146
"202",-0.1686224,1.02192810252841,-0.180381161523995,-0.108626347193314
"203",-0.1686224,1.00427587987894,-0.0263304708770294,-0.088751051881169
"204",-0.1686224,1.0338625947144,-0.129216510098157,-0.228418384259323
"205",-0.1686224,1.00748563660532,-0.108026014849735,-0.0579455613632532
"206",-0.1686224,1.04647987503348,-0.251587901313739,-0.178391862938384
"207",-0.1686224,1.02510290568299,-0.159744914028995,-0.159114831746052
"208",-0.1686224,1.0089102278259,0.0153193816116,-0.132910362119545
"209",-0.1686224,1.02251259235659,-0.0893850705778387,-0.193758382233097
"210",-0.1686224,1.04716403595177,-0.219988588865328,-0.21944826032537
"211",-0.1686224,1.03376876432268,-0.194634507411907,-0.17548580174407
"212",-0.1686224,1.0075229030243,-0.0588106483823561,-0.107906013527306
"213",-0.1686224,1.00750831287694,-0.0480343690572286,-0.112985396867935
"214",-0.1686224,1.01746253623774,-0.124710487028246,-0.140275824975344
"215",-0.1686224,1.03592752929572,-0.160486837265386,-0.217692032507595
"216",-0.1686224,1.00985266969261,-0.140105717381002,-0.0131454342810729
"217",-0.1686224,1.04599043090192,-0.18745445037609,-0.242810235724485
"218",-0.1686224,1.00622550774555,-0.0264634102844333,-0.108579281421074
"219",-0.1686224,1.02222900042205,-0.186495587125544,-0.100853980023403
"220",-0.1686224,1.01382213392041,-0.114878572623007,-0.120988564662256
"221",-0.1686224,1.01422440872763,-0.169254096446882,0.00204990118098117
"222",-0.1686224,1.00468669679789,0.0198096559237705,-0.0948838039648237
"223",-0.1686224,1.00881021638299,-0.116300146643042,0.0645935644588187
"224",-0.1686224,1.0200831715583,-0.0810675086294071,-0.184384749751879
"225",-0.1686224,1.0033937416367,-0.0447149215909512,-0.0692789761963599
"226",-0.1686224,1.02075555464251,-0.00571069175299318,-0.204717586770742
"227",-0.1686224,1.00781033719949,-0.0811850218289829,-0.0953449946079018
"228",-0.1686224,1.0043603058125,-0.0201211871101472,-0.0912949161840425
"229",-0.1686224,1.04512991838069,-0.253788862344331,-0.166996286319189
"230",-0.1686224,1.01195652997961,-0.152925197718405,-0.0258824742087269
"231",-0.1686224,1.00245719666128,0.00124015898284298,-0.0701348211923564
"232",-0.1686224,1.02582577813472,-0.170748842098285,-0.152195137924333
"233",-0.1686224,1.02300036462093,-0.156394796622609,-0.148561144327623
"234",-0.1686224,1.01679088959438,-0.137000420270504,-0.122860074913874
"235",-0.1686224,1.0152888394739,0.109710224863331,-0.137022239511285
"236",-0.1686224,1.01778025873377,-0.0623001846654669,-0.178872418384778
"237",-0.1686224,1.02284821330304,-0.162619317649539,-0.140618010881999
"238",-0.1686224,1.02938577444137,-0.120473101848003,-0.212417759034847
"239",-0.1686224,1.00161457674155,-0.0397015956586121,0.0406883723354973
"240",-0.1686224,1.01197798776406,-0.08149790056986,-0.132126984078548
"241",-0.1686224,1.01446766887562,-0.1338147141735,-0.106010723347225
"242",-0.1686224,1.01694928506142,-0.164941160559399,-0.0835479619155997
"243",-0.1686224,1.02068573608298,-0.14855851375775,-0.140462592291863
"244",-0.1686224,1.0536585631394,-0.25279440508742,-0.21515426194588
"245",-0.1686224,1.01409252510227,-0.164783439273205,0.0350723197065485
"246",-0.1686224,1.0110378519572,-0.144255494839703,-0.0372543997237134
"247",-0.1686224,1.01533319468344,-0.167715272112478,-0.0526600771582518
"248",-0.1686224,1.00048997159843,-0.0311498864389839,-0.00314131244460775
"249",-0.1686224,1.00446942346875,-0.0832851539118761,-0.0449711665572874
"250",-0.1686224,1.02547819402326,-0.169578440685466,-0.151157794611744
"251",-0.1686224,1.01270299004332,-0.00132400988692109,-0.159892442099345
"252",-0.1686224,1.03691387286204,-0.205879783526142,-0.181118454247464
"253",-0.1686224,1.00549092180179,-0.057229310415577,-0.0879590805725302
"254",-0.1686224,1.02096803334725,-0.0745102478363778,-0.191895669790392
"255",-0.1686224,1.00497023771907,-0.0732571829866729,-0.0678127115074074
"256",-0.1686224,1.04000402545209,-0.117263823543011,-0.260494853393724
"257",-0.1686224,1.03014868568048,-0.227889338779127,-0.0962951913650207
"258",-0.1686224,1.01646194900346,-0.153627493446298,-0.097946347707887
"259",-0.1686224,1.01971764948105,-0.170026290557182,-0.104475572180839
"260",-0.1686224,1.00220439338792,-0.0216540795798058,-0.0628072206327193
"261",-0.1686224,1.02224667301552,-0.201032008248904,-0.067634252791793
"262",-0.1686224,1.03360888779375,-0.20962594331204,-0.156218746687983
"263",-0.1686224,1.03286435139042,-0.187387224519699,-0.17803032455162
"264",-0.1686224,1.00553129645606,-0.104726050406944,-0.0112090373703567
"265",-0.1686224,1.01353205520879,-0.149123377283101,-0.0707774348464644
"266",-0.1686224,1.0493104353501,-0.13877244326316,-0.285997550208724
"267",-0.1686224,1.01892334527458,-0.126043284280197,-0.149391679933636
"268",-0.1686224,1.00270495593057,-0.0733290952860702,-0.00633027900354842
"269",-0.1686224,1.0088854775088,-0.0970017361698435,-0.0918725742982966
"270",-0.1686224,1.02043619412208,-0.108253413450722,-0.171962858637034
"271",-0.1686224,1.02075647620329,-0.107271282083588,-0.174461043649034
"272",-0.1686224,1.02826030752026,-0.176126192794156,-0.162169122318348
"273",-0.1686224,1.01292928818322,-0.0605710032321238,-0.149522227199884
"274",-0.1686224,1.03350874284464,-0.0795891943434317,-0.248607887405207
"275",-0.1686224,1.01487585546864,-0.106477101724297,-0.136512376074827
"276",-0.1686224,1.04501372771529,-0.242686892862808,-0.182089986396841
"277",-0.1686224,1.01535404815734,-0.0909707152642322,-0.150559529999955
"278",-0.1686224,1.00864493703163,-0.0258059674590897,-0.129223299149318
"279",-0.1686224,1.02295699250067,-0.215467424377473,-0.00384675683636605
"280",-0.1686224,1.01510840290776,-0.174438293739838,-0.00404367791558339
"281",-0.1686224,1.01554108524835,-0.106391981726249,-0.141437060389989
"282",-0.1686224,1.01344808968627,-0.0686366777754822,-0.149552789852563
"283",-0.1686224,1.02685143667232,-0.207781101143185,-0.106070198471298
"284",-0.1686224,1.02843208503395,-0.126169041209863,-0.204337775674172
"285",-0.1686224,1.01529848364181,-0.144948690905387,-0.0991003929869862
"286",-0.1686224,1.01296531297011,-0.152387610115884,-0.0536352641812764
"287",-0.1686224,1.00314734487666,-0.06365132371947,-0.0474668781556974
"288",-0.1686224,1.03839000083169,-0.124970162773244,-0.250272356131609
"289",-0.1686224,1.00846577400633,-0.0603786732613938,-0.115575227265113
"290",-0.1686224,1.00513550203608,0.00672496808660643,-0.101252912341088
"291",-0.1686224,1.00894783391274,-6.09998999378273e-06,-0.134073604859431
"292",-0.1686224,1.00912151917353,0.0450246898444603,-0.12766760655511
"293",-0.1686224,1.00787886609475,-0.125061462381483,-0.0133954972824049
"294",-0.1686224,1.00101929903372,0.0450292384156366,0.00346478363799774
"295",-0.1686224,1.04048642124771,-0.197568532076133,-0.208755042895147
"296",-0.1686224,1.0336506245805,-0.230367593944719,-0.12395315790966
"297",-0.1686224,1.01523429860621,-0.102661667837816,-0.141990362430676
"298",-0.1686224,1.00605247799834,-0.0545260154178334,-0.0957522956866182
"299",-0.1686224,1.01470511010469,-0.162691604248538,-0.0561952166968602
"300",-0.1686224,1.02951655469988,-0.135713851202431,-0.20368133687925
"301",-0.1686224,1.01309235266672,-0.0383495196663179,-0.157751162826611
"302",-0.1686224,1.01142889928182,-0.0567245000922385,-0.140608496868831
"303",-0.1686224,1.04134108552229,-0.113199927032862,-0.267538843752639
"304",-0.1686224,1.00588084512459,0.00182134385948803,-0.108595383396787
"305",-0.1686224,1.01459783056549,-0.0736178280914361,-0.154884386480017
"306",-0.1686224,1.02488308044101,-0.0827982096221989,-0.208637928137761
"307",-0.1686224,1.01069853154524,-0.128912808405777,0.0699500500117116
"308",-0.1686224,1.00328848240576,-0.0802629598990822,-0.0120679822790671
"309",-0.1686224,1.02642939330482,-0.0692633750858609,-0.22081640408226
"310",-0.1686224,1.01635537549522,-0.152795340972363,-0.0981419027489028
"311",-0.1686224,1.00584437392944,-0.10827177230098,-0.000357614754508179
"312",-0.1686224,1.01247268781191,-0.0628294453215859,-0.145442099701767
"313",-0.1686224,1.04269592125359,-0.275173235219413,-0.107212288557594
"314",-0.1686224,1.00457497518222,-0.0361302219289637,-0.0886875855219416
"315",-0.1686224,1.05184916897379,-0.305581509381492,-0.114046549246308
"316",-0.1686224,1.01426335443851,-0.151597588917467,-0.0758176970849179
"317",-0.1686224,1.00552976137029,-0.0801011582169695,-0.0683659670720349
"318",-0.1686224,1.03356203020627,-0.222098160880822,-0.137560449321253
"319",-0.1686224,1.00121164983259,0.018036439561813,-0.0458198058532211
"320",-0.1686224,1.01441079783588,-0.160979557006149,-0.055810832211326
"321",-0.1686224,1.01618232575488,-0.154703815694411,-0.0932375921299149
"322",-0.1686224,1.01722174765907,-0.0994322557841475,-0.157649327370106
"323",-0.1686224,1.01139666385775,-0.121689407805443,-0.0900827380276115
"324",-0.1686224,1.01125280012342,-0.14604593804736,0.0360944557698772
"325",-0.1686224,1.01114013724085,-0.098732192042234,-0.1125003617504
"326",-0.1686224,1.0251118915608,-0.159205410823693,-0.159712326962656
"327",-0.1686224,1.01538546929968,-0.168070233170104,-0.0525361588534593
"328",-0.1686224,1.01479079055762,-0.0774527275363445,-0.154277100043184
"329",-0.1686224,1.01920068604932,-0.190985983219558,-0.0478998189668841
"330",-0.1686224,1.00740087723215,-0.103074932691088,-0.0650544825421796
"331",-0.1686224,1.01459136055442,-0.121789521410559,-0.120677012667123
"332",-0.1686224,1.01396587033569,-0.0190203301009067,-0.166628368678495
"333",-0.1686224,1.02426835137002,-0.16460546955108,-0.148427406539794
"334",-0.1686224,1.03306228961285,-0.185185109816584,-0.1814501841343
"335",-0.1686224,1.01120588137688,-0.0208070440880479,-0.148675490406166
"336",-0.1686224,1.00573421020158,-0.104768447128475,-0.0229101299881951
"337",-0.1686224,1.00652362534379,-0.0962306184421271,-0.0618827637509059
"338",-0.1686224,1.01094166689991,-0.141447100806509,-0.0446740590029226
"339",-0.1686224,1.0260776631348,-0.163823187033725,-0.161236888379421
"340",-0.1686224,1.01323011960922,-0.0935878310381639,-0.133703377537301
"341",-0.1686224,1.05017403770096,-0.21256270303219,-0.240172035717716
"342",-0.1686224,1.01609617078967,-0.14143500991509,-0.111568661656196
"343",-0.1686224,1.02507413284731,-0.191302341673919,-0.119081450708053
"344",-0.1686224,1.01252228967922,-0.0782486183524631,-0.138125091215077
"345",-0.1686224,1.01971519483309,-0.118029817050482,-0.160897609865797
"346",-0.1686224,1.04963527465069,-0.164406181717815,-0.273321819846133
"347",-0.1686224,1.02518093908968,-0.0616925394899311,-0.217232567641393
"348",-0.1686224,1.04089532875834,-0.235358586220677,-0.167539312769057
"349",-0.1686224,1.01439272589059,-0.121848361336571,-0.118935188986856
"350",-0.1686224,1.02262984736155,-0.195105767789347,-0.08778122857438
"351",-0.1686224,1.00642006440457,-0.0395141163027314,-0.106395397686739
"352",-0.1686224,1.04246062161964,-0.204500676491318,-0.211904744973283
"353",-0.1686224,1.01599683361515,-0.0923567484542559,-0.154012327204586
"354",-0.1686224,1.02153804858409,-0.0962702731691619,-0.185127035326908
"355",-0.1686224,1.01888695783062,-0.134444931560252,-0.141616359277813
"356",-0.1686224,1.04624032821224,-0.272312148870358,-0.143055646359246
"357",-0.1686224,1.01548903370617,-0.0873855999774466,-0.153563454291908
"358",-0.1686224,1.0219506555204,-0.119809555715376,-0.173288235832254
"359",-0.1686224,1.01066010016393,0.0156601575572231,-0.145563036271725
"360",-0.1686224,1.00989447843108,-0.139285113685002,-0.0220570775792362
"361",-0.1686224,1.02114398431819,-0.110505629932031,-0.174709880838368
"362",-0.1686224,1.00829997761982,-0.0518318402622949,-0.118246797855832
"363",-0.1686224,1.01683214215718,-0.0655370958831408,-0.172198996475496
"364",-0.1686224,1.03085480088176,-0.210418405588454,-0.135593934564122
"365",-0.1686224,1.03080445267743,-0.227442065550302,-0.104057323037968
"366",-0.1686224,1.02689139384153,-0.0256910343272324,-0.232047205329018
"367",-0.1686224,1.00187398526326,-0.0579367574940383,-0.019869939062763
"368",-0.1686224,1.02927184893804,-0.187474421931648,-0.155736572897086
"369",-0.1686224,1.02547749764542,-0.169474211876398,-0.151269923269586
"370",-0.1686224,1.03031288807861,-0.19699615582128,-0.150788467505052
"371",-0.1686224,1.04771042631097,-0.155630934145465,-0.271064844156763
"372",-0.1686224,1.01660377313755,-0.121811953497919,-0.136546986574273
"373",-0.1686224,1.00345942705381,-0.0575817774183706,-0.060126206037895
"374",-0.1686224,1.00645500709416,-0.0758489579943896,-0.0848446632149722
"375",-0.1686224,1.02831424116763,-0.0800825776745976,-0.225869341304115
"376",-0.1686224,1.00614436732703,-0.104640227576303,0.037106747050638
"377",-0.1686224,1.01766429590067,-0.126263342238378,-0.140350231769667
"378",-0.1686224,1.00507885168612,-0.0724960914059194,-0.0701983962605128
"379",-0.1686224,1.00502981307722,-0.0738124103844989,-0.0680929750213982
"380",-0.1686224,1.03389696872502,-0.0949939663536945,-0.244783758234034
"381",-0.1686224,1.00155739356284,-0.0532104813346092,-0.0169073142908023
"382",-0.1686224,1.02348390499997,-0.162878635798591,-0.144878755497038
"383",-0.1686224,1.02102334084373,-0.0789361283383649,-0.190414679556591
"384",-0.1686224,1.02157923235132,-0.195492478735646,-0.0735310732228425
"385",-0.1686224,1.01418872352918,-0.132454962022878,-0.105044990214991
"386",-0.1686224,1.01182402202338,-0.0884071711651252,-0.126380471712009
"387",-0.1686224,1.01471626700216,-0.0547594263212125,-0.163249832305504
"388",-0.1686224,1.00482620275113,0.0391260540527539,-0.0902488206544709
"389",-0.1686224,1.00594531988416,-0.0951541623951692,-0.0535879835011726
"390",-0.1686224,1.00403065908869,-0.0892392075047813,0.0106737169713222
"391",-0.1686224,1.01617590549751,-0.124387587360047,-0.130924401944169
"392",-0.1686224,1.01872889341334,-0.122838871686771,-0.150728795782016
"393",-0.1686224,1.01176471125422,-0.152349021325842,-0.0213917423412729
"394",-0.1686224,1.00356415276122,-0.058618621348745,-0.0608676099293753
"395",-0.1686224,1.00994437452911,-0.0417689910531567,-0.135066617005851
"396",-0.1686224,1.0174344724257,0.0127522489285192,-0.187110357349427
"397",-0.1686224,1.0179655962361,-0.0397069598140582,-0.186218453603964
"398",-0.1686224,1.01129635624041,-0.0846970003620052,-0.124686560120973
"399",-0.1686224,1.03717688717523,-0.16416924557022,-0.220871804672771
"400",-0.1686224,1.01706121808189,-0.104212973689701,-0.153470444845175
"401",0,1.00069001581171,-0.0331173083376276,-0.0168449290206834
"402",0,1.00267490942042,-0.0392431241849204,0.0617814793077784
"403",0,1.00098105199783,-0.0160830806813628,-0.0412843914145698
"404",0,1.00113601548623,-0.0332901587417655,-0.0341333683452399
"405",0,1.00077878969273,0.00981051143260372,0.0382353208993425
"406",0,1.00150294042797,0.0302618740076391,0.0457423071939306
"407",0,1.00219063882145,-0.0660049978806502,0.00542372529837102
"408",0,1.01027546573471,-0.0716866473132973,-0.124569423465254
"409",0,1.0077156629879,0.00675837547641266,-0.124278645760533
"410",0,1.00021055184183,-0.014115566660699,0.0148962677739226
"411",0,1.00083778168796,-0.0402457972460848,0.00751937883799776
"412",0,1.00311702733963,-0.0788741421943872,-0.00475817525922665
"413",0,1.003106486828,0.0507411821047344,0.0603983141737264
"414",0,1.00676152370865,0.0432396311880383,0.10816237753899
"415",0,1.00025454294608,0.0195846485346693,0.0112067937446898
"416",0,1.00248986795191,0.0576648989328504,0.0407516230019736
"417",0,1.00623650754854,0.111648218826771,-0.00682527334872395
"418",0,1.01319340740419,0.150637442937501,0.0622032281523383
"419",0,1.00726107454033,0.0403775634685308,-0.113774006928139
"420",0,1.00581364821117,0.102734304490933,0.0332679667042063
"421",0,1.0037037284386,0.0037925214343282,-0.0860627170307861
"422",0,1.00093975904596,-0.000236581406650438,-0.0433629481034705
"423",0,1.00031843996547,-0.00712769395028061,0.0242110989817437
"424",0,1.00251588310986,0.0336782115911481,0.0624809887210218
"425",0,1.00117609273394,0.0406341219216576,0.0265035242497991
"426",0,1.00397233179624,-0.0185938578938845,0.0872623140938178
"427",0,1.00385953321857,0.00509328912403634,-0.0877953349541324
"428",0,1.00022581775405,0.0167728520788553,-0.0130521237694381
"429",0,1.00986139656264,0.0911382310954196,0.107302670517747
"430",0,1.00232317996931,0.0596188403871127,0.0331262882722011
"431",0,1.01670976883552,0.0780526145567078,0.166152169430418
"432",0,1.0082254826466,-0.0713110355073037,0.106926891252111
"433",0,1.00561611046498,-0.0730005046163871,0.0770369259021826
"434",0,1.00075076794248,0.0196004923053069,-0.0334353142477338
"435",0,1.00011971672913,0.0120760655891729,0.00967555839400546
"436",0,1.00067607286521,-0.0327079552023306,-0.0168164345630757
"437",0,1.00042275857455,-0.00976056344890614,-0.0273939277043206
"438",0,1.0023760875697,0.0134367501921892,0.0676555590901977
"439",0,1.00213981905153,0.00893908533089476,-0.0648406483779512
"440",0,1.00336089709264,-0.0771702682333157,0.0278897743866789
"441",0,1.0015084086501,0.000996726246550845,-0.0549372290313536
"442",0,1.00118101158786,0.00495205200858172,0.0483621251083564
"443",0,1.00269022388896,-0.0539509147762044,-0.0497693065784075
"444",0,1.00285235673714,-0.0639509919823586,-0.0402879639311119
"445",0,1.00040922159999,-0.0165151299446504,-0.0233636714837409
"446",0,1.0081604496084,-0.116218012163239,0.0536736975009925
"447",0,1.01310536771508,-0.0472621114154441,-0.155398773861494
"448",0,1.01074957626656,-0.131077924424496,0.0665829081040603
"449",0,1.0093770960857,-0.0440472582175334,0.130007542650123
"450",0,1.00206215142236,-0.0366976749664249,-0.0527431129653161
"451",0,1.0096451601992,0.0561503389233326,0.127398936229698
"452",0,1.00667838141624,-0.0327740390067913,-0.111028041403989
"453",0,1.00480659696545,-0.0125706901158517,-0.0973564330452738
"454",0,1.0018523664441,0.048266046179761,-0.0371288693042486
"455",0,1.00627798507281,0.0694624658665518,0.0881495835380734
"456",0,1.00103139564284,-0.0451968346982019,-0.00459360380462205
"457",0,1.00203690073597,0.0120680801898667,0.0627081484104997
"458",0,1.00479567021944,0.0753219981900289,-0.0627768705846432
"459",0,1.01038738711781,-0.0396121818856886,-0.138973188396207
"460",0,1.00949514294052,0.136214042658099,-0.0229385745685248
"461",0,1.00784961118117,-0.0920275149195019,0.0853918922133869
"462",0,1.00467988469687,0.0947387466021616,0.0201554113518848
"463",0,1.00050923395537,-0.0199783047608137,-0.0248916566112313
"464",0,1.0118365160381,-0.109668258482395,-0.10856338365014
"465",0,1.00023422588246,0.00694625565371142,0.0205001502206978
"466",0,1.00773827877698,-0.123222411445845,-0.0187796653287812
"467",0,1.00124779981082,0.0498143069394217,0.00396124351080222
"468",0,1.0113816187868,-0.0673522629857588,-0.135485982634729
"469",0,1.00968910201636,0.11942686836748,0.0721755210756169
"470",0,1.00194944237592,-0.00234330804590664,0.0624275098399694
"471",0,1.00853047426548,-0.10999633161707,0.0709543836062543
"472",0,1.01939078236547,0.112405673923957,0.16285739664316
"473",0,1.00853690100217,-0.12229020402696,0.0468165214653486
"474",0,1.00126932277497,-0.0398084013124038,0.0309119380693363
"475",0,1.01210954528247,0.0257379143238518,-0.153958732841462
"476",0,1.00985078882529,0.103232751849412,-0.0956117913055461
"477",0,1.00639866720816,0.0417624670939696,0.105328883505855
"478",0,1.00216368213443,0.0543493044845143,0.0371241012186282
"479",0,1.00720811747152,-0.0523429135350635,0.108297789927516
"480",0,1.01185406950583,0.0855361707378559,-0.128577686520679
"481",0,1.00800942497932,-0.0464191402127744,-0.118018067553473
"482",0,1.01853857400207,-0.1571933424623,-0.112743424711611
"483",0,1.00729959000109,-0.0590247230791622,-0.105681342165026
"484",0,1.00220670778176,0.0359979459451341,-0.05587873486833
"485",0,1.00341501232885,-0.0250515885886644,0.0788295939104938
"486",0,1.00386137679943,0.0103449997123655,-0.0873535620945115
"487",0,1.00010257477489,0.0135484860022973,-0.00464742922514553
"488",0,1.00358373269982,0.00170736690714335,-0.08471949856994
"489",0,1.00180423143509,0.0568660730903486,0.019441395334182
"490",0,1.00259873834288,-0.0703480347420755,0.0159807426194781
"491",0,1.00074182061994,-0.0364453178213945,-0.012487207318104
"492",0,1.00725428790169,0.119813647063742,0.0143488840551859
"493",0,1.00337778430853,0.0771410983305782,0.0285697215990048
"494",0,1.00419422251022,-0.046392561428309,0.0790807610423407
"495",0,1.00061685855527,0.00777201951761535,-0.0342592080707623
"496",0,1.00701065861326,0.00363482453374925,0.11856329369294
"497",0,1.01204856998468,0.0203563172611731,-0.154362975987128
"498",0,1.00279838151276,0.0213358097233364,0.0717591610044146
"499",0,1.00504802379603,-0.0858146400610122,0.0525107387827089
"500",0,1.00179072440898,-0.015227363477488,-0.0579032202333743
"501",0,1.00076918780092,-0.0327536110573489,0.0215909289845173
"502",0,1.00131795088979,0.00508286756623026,-0.0511058042832797
"503",0,1.00277450739325,0.0427365658097432,0.0610761706443188
"504",0,1.00230375884758,0.0178815409214365,-0.0655215651085409
"505",0,1.01043419019895,0.12843497806529,-0.0669455684297217
"506",0,1.00250347437151,-0.07016293915263,-0.00950673952599223
"507",0,1.00427559290829,-0.0925687127121831,0.000707063011635442
"508",0,1.00178143375493,0.0286688252673869,0.0523845346821777
"509",0,1.00326295211202,0.0724814830780417,-0.0358187896408148
"510",0,1.00548485022102,-0.0668423584896024,0.0808200664162841
"511",0,1.00065386969531,-0.0275292801065,-0.0234585948645744
"512",0,1.00005065380772,-0.00833754731552857,0.00563874862115528
"513",0,1.00262093648274,-0.00219127741633616,-0.0724150576662173
"514",0,1.00254756536178,0.0368603122283082,-0.0611795570044002
"515",0,1.01020362366959,0.0268432747221399,0.140679777784012
"516",0,1.00872911826765,0.0228378077297894,-0.130433387516912
"517",0,1.00093909679404,-0.0385920787790805,-0.0197415031437255
"518",0,1.01075267950824,-0.146927082058785,-0.00578028466173851
"519",0,1.00540522536172,-0.0206716443972199,0.102040924645753
"520",0,1.00320614382332,-0.0763007867059944,-0.0245103437941727
"521",0,1.00256048890142,0.0715894580418508,0.00157588182522725
"522",0,1.01612375736059,0.151615765588473,-0.0975712554885907
"523",0,1.01385426451227,0.0397463219878629,0.16223655432161
"524",0,1.00535504874911,-0.0097819726853693,-0.103165338441294
"525",0,1.00804145222395,-0.0046240509443087,-0.126988926897712
"526",0,1.01340739632531,0.111838784274776,0.120360447235709
"527",0,1.00599655960904,-0.108188724522254,-0.0180077158869458
"528",0,1.01305901301939,0.160146398446906,0.0253316980145463
"529",0,1.00126263075382,-0.0122357586613906,0.0487559427560483
"530",0,1.01235335938452,0.137500756449541,-0.0771548198942942
"531",0,1.00148171444036,0.0299211991145109,0.0455010571520861
"532",0,1.00733888026997,-0.115412140684954,0.0375720306355121
"533",0,1.00070594123345,-0.0168527234064015,-0.0335911674956612
"534",0,1.00833166397513,-0.107776520250051,-0.0715329732196451
"535",0,1.00075111996408,0.0302371444141704,-0.0242594148124932
"536",0,1.00451550232023,0.0850267715978729,-0.0426830471417663
"537",0,1.00418728021297,-0.0115361493062512,-0.0908791010117676
"538",0,1.00133276441693,-0.0468262225913923,0.0217855450396787
"539",0,1.00659246679716,-0.0828561082068895,0.079770041654793
"540",0,1.0010913170789,0.0423505594142291,0.0197548790950228
"541",0,1.00042980143375,0.0266051284277522,0.0123269922572189
"542",0,1.00474957953738,0.0628133261806213,0.0746739823142855
"543",0,1.0019577595454,0.0389333665371516,0.0490259613196797
"544",0,1.00028281176478,0.023263393869879,0.00495156719823767
"545",0,1.00003240744254,-0.00676431471344184,0.00436577390287211
"546",0,1.00418575725237,-0.0548441917548321,-0.0733563201045453
"547",0,1.01125077458289,0.107503049925013,0.105219880969893
"548",0,1.00585513531395,-0.0966956443618416,-0.0489336857276073
"549",0,1.00000934008195,-0.000978671319308002,-0.00420980445991365
"550",0,1.00027926483124,0.0182078530398402,-0.0150692315335132
"551",0,1.00632287101224,0.0894080137150736,-0.0684976481774299
"552",0,1.00355412507394,-0.052963095603758,0.0656946912390062
"553",0,1.00544871987671,0.0912595533635044,-0.0509786447603356
"554",0,1.01975566476321,-0.132093107400319,-0.149843340839613
"555",0,1.00952589279865,-0.12787310467184,0.0528298905214095
"556",0,1.0024848463284,0.0399066051484843,0.0581663990943461
"557",0,1.01561507035163,-0.012409105333753,0.176974532716311
"558",0,1.00067169321949,-0.0256791499430292,-0.0261614003631861
"559",0,1.00022271459025,-0.0191386556147733,-0.0088989124924679
"560",0,1.00187060233176,-0.0611837376397002,-0.00111985045371589
"561",0,1.01085311428505,0.147722705408332,0.00142160706065189
"562",0,1.00033093259697,-0.0242183804422729,0.00868589425948065
"563",0,1.00086895720106,0.0376002523853392,0.0180247193958268
"564",0,1.00012471073808,0.00975338521819325,-0.0124220974762237
"565",0,1.00042787103903,0.0215057322317911,0.0198350354891367
"566",0,1.00286490884256,0.055809870881212,0.0512180017183677
"567",0,1.00240293757387,-0.0358347454545263,0.0593929311865172
"568",0,1.00850209978139,-0.11953891178475,0.0527914181737947
"569",0,1.00193441046339,0.0210654920609354,-0.0585560237282193
"570",0,1.01053285825377,0.040287108671387,-0.139834210711973
"571",0,1.00085137569915,-0.0406791954600472,0.00697705493784038
"572",0,1.00613322818545,0.00108976677039846,-0.11091837209073
"573",0,1.00516286357394,-0.0893687262585555,0.0486375685564492
"574",0,1.00187382835516,0.0293855702697266,-0.053736916574635
"575",0,1.00081768801847,-0.0211325836695115,0.0344885279198393
"576",0,1.00226559914284,-0.0627714272151232,-0.0244147322439122
"577",0,1.01079545544829,0.0990922878745699,-0.109032890628007
"578",0,1.00101668913132,0.00737881685844318,0.0444967974262484
"579",0,1.00425932368006,-0.0603415235118212,0.069969205645022
"580",0,1.00180736509174,-0.0596598462431336,-0.0076615597822871
"581",0,1.00812440416554,0.0916646288517572,-0.0889517289972574
"582",0,1.00681984449199,-0.0889092242137557,0.0760351833862968
"583",0,1.00131122354975,0.00580295311226848,0.0508968775257398
"584",0,1.01093487418765,0.00611388391958024,-0.148161871857161
"585",0,1.00231344323461,0.0521259671417466,0.0437621073343988
"586",0,1.00640972876377,0.0097795418677574,0.112981868949083
"587",0,1.00564715221396,-0.106423707674721,0.000434972208829526
"588",0,1.00483163026742,-0.090800320872733,-0.0379724494243244
"589",0,1.00173269139246,0.0243560899697648,-0.0536205733443432
"590",0,1.00427087889714,0.0855287979817733,-0.0352820480786468
"591",0,1.00847870897144,-0.10935514905746,-0.071209253775904
"592",0,1.014612721112,0.0749176722874634,0.154357754004539
"593",0,1.00085240567023,0.0128996194329633,0.039231846176004
"594",0,1.0025658348969,-0.0547109593174753,0.0463137585722397
"595",0,1.00143047390536,-0.0531371208473813,0.00628016356146135
"596",0,1.00054914301576,0.0285933591041023,-0.0167632754771355
"597",0,1.0187848702523,-0.193439184785145,0.0224475754738943
"598",0,1.00244926744533,-0.0250234166184223,0.065409192185934
"599",0,1.00406900880058,-0.0829270248320918,-0.0357446917217898
"600",0,1.00305194333453,-0.00224718841481946,-0.0781546618660515
"601",0.1686224,1.00782803110346,0.122645823122386,0.0259873497786623
"602",0.1686224,1.02020265209808,0.160789443709832,0.122311921493548
"603",0.1686224,1.01639369793601,0.180084866092181,0.0250118013863121
"604",0.1686224,1.02593483805502,0.224948915145084,0.0440485812487564
"605",0.1686224,1.0145350574562,0.108305781609178,0.132481094793448
"606",0.1686224,1.03446136473488,0.0276702837699928,0.26333376260032
"607",0.1686224,1.00155984208905,-0.0471734872508567,0.0299462749941762
"608",0.1686224,1.04173661242809,0.175805705859832,0.233039746524681
"609",0.1686224,1.01855802070195,0.176704681946265,0.0789676953857533
"610",0.1686224,1.02505236630362,0.187154476709141,0.125321807808423
"611",0.1686224,1.01180148318037,0.0902717620326272,0.124872936801875
"612",0.1686224,1.00601852505499,0.0754502049550323,0.0798782781866047
"613",0.1686224,1.01512776826138,0.0981958942082815,0.144367421033828
"614",0.1686224,1.01932886523602,0.192410871978223,0.0448262406179687
"615",0.1686224,1.0138763887108,0.161723188298237,0.0423195221133482
"616",0.1686224,1.01258552959836,0.150773540047223,0.0509587516882154
"617",0.1686224,1.02077530283886,0.198865326740416,0.0493436997620146
"618",0.1686224,1.00489915657656,0.073852456069563,0.0660918271858668
"619",0.1686224,1.00606230699466,0.100946911867784,0.0443969203860766
"620",0.1686224,1.01096211630567,0.0804530307557193,0.124786659733563
"621",0.1686224,1.01515692406092,0.0731705824561093,0.158712464324188
"622",0.1686224,1.00876029914498,0.092251112099553,0.0953261425185723
"623",0.1686224,1.01749367776359,0.10088741647016,0.158477485741175
"624",0.1686224,1.01065802616995,0.140014963484979,0.0427253538550152
"625",0.1686224,1.0161790999221,0.0690668106937828,0.166882410034952
"626",0.1686224,1.02023456410033,0.145497673879625,0.140388719919398
"627",0.1686224,1.00177556541178,-0.0272571957572946,0.053021964651741
"628",0.1686224,1.01244510813443,0.124553716066133,0.097629241518389
"629",0.1686224,1.03638107568897,0.117343089674992,0.245593838179531
"630",0.1686224,1.00080451156828,0.0379192806361368,-0.0131071938823496
"631",0.1686224,1.00487596904124,0.0954602058006518,0.0257499954383564
"632",0.1686224,1.02254518258954,0.144398705716803,0.157313903468167
"633",0.1686224,1.00894573079202,0.0103892613426185,0.133654595626958
"634",0.1686224,1.02019301318966,0.134172924700962,0.1509682431447
"635",0.1686224,1.01467692538016,0.0591827921252241,0.161451726578536
"636",0.1686224,1.02680812783892,0.176205995934517,0.152598749643587
"637",0.1686224,1.03354211536697,0.182032064653799,0.187279554877496
"638",0.1686224,1.01178885379785,0.146530295350787,0.0473873106851997
"639",0.1686224,1.01194966115117,0.130621960689936,0.0835465145262755
"640",0.1686224,1.0235404367552,0.123105631170255,0.180222166359209
"641",0.1686224,1.00006846873031,0.0115584786714356,0.00182858398491869
"642",0.1686224,1.0182244155189,0.10365741376923,0.161357060364494
"643",0.1686224,1.02687685389342,0.165325581377159,0.164752921686847
"644",0.1686224,1.01275801015982,0.0106681991649426,0.159890514632498
"645",0.1686224,1.03336341104698,0.213712893364965,0.148884984132791
"646",0.1686224,1.01592477465022,0.0615226967742493,0.168279842909751
"647",0.1686224,1.01400091496635,0.111799519497107,0.125294544944373
"648",0.1686224,1.02439180338246,0.179146099502008,0.131473350418948
"649",0.1686224,1.00332819607782,-0.0390256011489183,0.0717249712424634
"650",0.1686224,1.04195512198399,0.26326208584173,0.127920093757521
"651",0.1686224,1.04016050323422,0.250254210203281,0.138948561575884
"652",0.1686224,1.01534210251824,0.175757020058289,-0.00539027331356184
"653",0.1686224,1.01532717630954,0.172777717473071,0.0322045850383119
"654",0.1686224,1.01902692872808,0.0750502338999015,0.181061712862094
"655",0.1686224,1.03607295146052,0.248195500792402,0.108840039206698
"656",0.1686224,1.01580386578405,0.107198335187113,0.142709532529981
"657",0.1686224,1.00530852326378,0.103012520919145,-0.00580064485096019
"658",0.1686224,1.00448810387638,0.0651883089604215,0.0688972800917903
"659",0.1686224,1.01253108074374,0.135156630809181,0.0833779024705828
"660",0.1686224,1.0327295524996,0.210830503481843,0.14859618907502
"661",0.1686224,1.01921249599286,0.109276451034007,0.16386814588994
"662",0.1686224,1.00979108039785,0.0987637184230123,-0.0996180404059188
"663",0.1686224,1.02439752884554,0.186645523478518,0.120638906121822
"664",0.1686224,1.0120524478242,0.120629454962367,0.0984819361225033
"665",0.1686224,1.03395273926293,0.248269866758312,0.0861413970697596
"666",0.1686224,1.00700141902139,0.118309127578121,0.00740325893078785
"667",0.1686224,1.01457774662383,0.12851228590622,0.113369291765697
"668",0.1686224,1.02211316728146,0.204354303921118,0.0543566481587227
"669",0.1686224,1.02669504362452,0.177483514426225,0.150340662197786
"670",0.1686224,1.0052202354564,0.100913372375167,0.0168586193650828
"671",0.1686224,1.00733374902304,0.0812303819212056,0.0901271711180444
"672",0.1686224,1.02890449833588,0.114959457090538,0.213140305717283
"673",0.1686224,1.01231235443039,0.137002930613808,0.0775016124710893
"674",0.1686224,1.03441615145738,0.182950438108166,0.191169850112208
"675",0.1686224,1.02070647799896,0.017502625447495,0.203802287355892
"676",0.1686224,1.03504651685239,0.264329506012558,0.0380946754733196
"677",0.1686224,1.03144116083204,0.226808618481538,0.111484164081919
"678",0.1686224,1.01124268169538,0.117359886476934,0.0940128625699175
"679",0.1686224,1.01514698201324,0.158124208365223,0.0742975761344898
"680",0.1686224,1.01206905858035,0.136685474241038,0.0748388967530908
"681",0.1686224,1.00651489834131,0.0923974023856408,0.0673421162082521
"682",0.1686224,1.00090798188774,0.0159208871145817,0.0395387602242188
"683",0.1686224,1.02754288139636,0.210225946251228,0.107932500346762
"684",0.1686224,1.00473093481291,0.0675286382855079,0.0701721766893981
"685",0.1686224,1.00970317933292,0.0511759433695168,0.129928954337568
"686",0.1686224,1.03368576067608,0.23358477641977,0.118086426186145
"687",0.1686224,1.01261464428922,0.137705934213755,0.0801591760892652
"688",0.1686224,1.01218716147698,0.126938225333707,0.09170352669312
"689",0.1686224,1.00914588578913,0.131058689186155,0.0346271395575038
"690",0.1686224,1.01223964560082,0.0797862353398907,0.135141617484663
"691",0.1686224,1.03292667554056,0.140390734704326,0.217319945362693
"692",0.1686224,1.03680896435072,0.0540542842692517,0.268423104277829
"693",0.1686224,1.01730203552706,0.181737707887141,0.0432993882107327
"694",0.1686224,1.02302737531631,0.146839598566285,0.158187050479731
"695",0.1686224,1.03296278724455,0.188777906943214,0.177129957043333
"696",0.1686224,1.05765905525671,0.22762432965697,0.258514683750721
"697",0.1686224,1.003986587172,0.0611065763732958,0.0652307714595861
"698",0.1686224,1.02485193406228,0.146842369367874,0.169584213031838
"699",0.1686224,1.00476746430087,0.0724026199786716,0.0656926018500791
"700",0.1686224,1.01919764726967,0.0701570119370371,0.183961511942278
"701",0.1686224,1.0084588822631,0.0278483193700603,0.127333374743642
"702",0.1686224,1.0107095731781,0.118163061124516,0.087013402987929
"703",0.1686224,1.03135213599251,0.209611109299211,0.140536156467512
"704",0.1686224,1.0024023412415,0.0149181088130884,0.0677340664353877
"705",0.1686224,1.02755357452504,0.153041199556905,0.180124234231202
"706",0.1686224,1.0038773306382,0.0833022700868795,0.0288171262907189
"707",0.1686224,1.05499934524462,0.172642489929272,0.288475630058405
"708",0.1686224,1.00519832911321,0.102049962971714,0.00307992036675321
"709",0.1686224,1.00383260801384,0.0328047433474166,0.0812634833476093
"710",0.1686224,1.01040724403516,0.130048692281246,0.0633256380517815
"711",0.1686224,1.01333707806349,0.155639400979403,0.0512680274734519
"712",0.1686224,1.01951584628077,0.149984926170367,0.13006568624837
"713",0.1686224,1.00957014421787,0.138418311670527,0.00849982884312261
"714",0.1686224,1.03571173755845,0.150919989895722,0.223432226785243
"715",0.1686224,1.01942702061832,0.18117076666577,0.0800537548930213
"716",0.1686224,1.01021553508083,0.0827757383631409,0.116976939851795
"717",0.1686224,1.02680270211023,0.163588821337383,0.166019536785057
"718",0.1686224,1.033795907702,0.179232733035019,0.191336369230215
"719",0.1686224,1.02871412444047,0.0536539180890814,0.235316822384226
"720",0.1686224,1.0096380223788,0.0712286665200831,0.119563427931539
"721",0.1686224,1.01644917397553,0.0409024337854507,0.177470882642634
"722",0.1686224,1.00285804066759,0.0275546887102509,0.0704626770831243
"723",0.1686224,1.02761315440839,0.206297575303964,0.115888332186065
"724",0.1686224,1.02912840125679,0.0905439534430297,0.225625926631355
"725",0.1686224,1.01887583861799,0.127795650384813,0.147567768371828
"726",0.1686224,1.0300771852675,0.152957808142084,0.194069360118958
"727",0.1686224,1.02232658846161,0.161102177779418,0.138555915753507
"728",0.1686224,1.01630291815709,0.104843517984872,0.147917065246625
"729",0.1686224,1.00537548967473,0.0967554398719604,0.0376597941296367
"730",0.1686224,1.02599993630643,0.149271800609758,0.174338173798839
"731",0.1686224,1.02057698281852,0.154692266144094,0.132844573295823
"732",0.1686224,1.03072042860276,0.247555714328239,0.0331778577139354
"733",0.1686224,1.01501834541099,0.149933851706645,0.0882161075613517
"734",0.1686224,1.00393797852665,0.0182845636944972,0.0869318092454082
"735",0.1686224,1.0042198621051,0.0625708556358128,0.067397473776054
"736",0.1686224,1.01776828876903,0.0976273157715017,0.162238086894173
"737",0.1686224,1.01527638726562,0.121529314183227,0.126557371706581
"738",0.1686224,1.01103912568057,0.0634824007179098,0.134796507580983
"739",0.1686224,1.00603520370999,0.10491896645585,-0.0331487794895406
"740",0.1686224,1.00902231570135,0.114132810868119,0.0714124293569143
"741",0.1686224,1.01380620502177,0.132222025693441,0.101589159176368
"742",0.1686224,1.01284341549668,0.107955835863983,0.119152514945715
"743",0.1686224,1.00484206988377,0.078722928969045,0.0592476654631697
"744",0.1686224,1.00928936936987,0.0240247658063407,0.134491047103448
"745",0.1686224,1.00643181434558,0.113163541488932,-0.00995036705978308
"746",0.1686224,1.01268294950895,0.0994659427318155,0.125033125461261
"747",0.1686224,1.03036513157554,0.0837880509277213,0.233734607810672
"748",0.1686224,1.03520277235977,0.214148680351455,0.160577466056389
"749",0.1686224,1.01624004765788,0.142238735365205,0.111856947148555
"750",0.1686224,1.05699201434143,0.277064426268885,0.201165161193116
"751",0.1686224,1.01178562138684,0.149614457734525,0.0364095822820669
"752",0.1686224,1.00448167619133,0.0402584842170906,0.0858061317895014
"753",0.1686224,1.03505290342535,0.201190849344889,0.175660909223204
"754",0.1686224,1.02180983627486,0.209924466057768,0.00520192833548251
"755",0.1686224,1.01228615766399,0.0858222353109725,0.131749037660039
"756",0.1686224,1.00776567385804,0.0516421375859277,0.113687039859931
"757",0.1686224,1.03597460286991,0.225868825241329,0.149086054262527
"758",0.1686224,1.01190311078685,0.0855450145670816,0.128957187092542
"759",0.1686224,1.0342004169748,0.235133111353706,0.119511181133737
"760",0.1686224,1.0187211640472,0.067383099083121,0.18235220874901
"761",0.1686224,1.01115053323746,0.104504267485306,0.107257908537124
"762",0.1686224,1.00216068416993,-0.00621690150538742,0.0654781416323064
"763",0.1686224,1.03154730763442,0.236675317744012,0.0898590110038867
"764",0.1686224,1.00068068715802,-0.0345436228209669,0.0129836733416009
"765",0.1686224,1.03049004310087,0.239997696076363,0.0656569479040204
"766",0.1686224,1.02185738742727,0.204714612306667,0.0477958967676555
"767",0.1686224,1.0091149757092,0.0561211221311791,0.123139976657895
"768",0.1686224,1.02708795916792,0.203394742887797,0.116362598945429
"769",0.1686224,1.01592477725506,0.101344870716849,0.147757809337186
"770",0.1686224,1.0008425050766,0.0376788097237429,0.0163103422955466
"771",0.1686224,1.04182781030096,0.22402765537803,0.187661386391316
"772",0.1686224,1.01810150202668,0.150471477786704,0.117851613487765
"773",0.1686224,1.01186620771949,0.119085674384338,0.0984470643597164
"774",0.1686224,1.02275339454704,0.178777076505309,0.11858862919232
"775",0.1686224,1.01749051177377,0.17080762111315,0.0781773504240103
"776",0.1686224,1.03558931386822,0.160696560546622,0.215920917065809
"777",0.1686224,1.01028838155865,0.0387758634826753,0.138488433898161
"778",0.1686224,1.0168690383133,0.171322360848951,0.0683468342598826
"779",0.1686224,1.02009962780125,0.167024013660663,0.112721912248387
"780",0.1686224,1.01799497362583,0.12106364247178,0.147164400582853
"781",0.1686224,1.02640741194204,0.110261640566599,0.203358171483492
"782",0.1686224,1.02313485287455,0.216077272491702,0.0107489292110239
"783",0.1686224,1.03213645194676,0.217734394910398,0.13378112239865
"784",0.1686224,1.01496494632392,0.114678232929262,0.130394574881545
"785",0.1686224,1.01738990388927,0.179882758202804,0.0521958795038289
"786",0.1686224,1.0100417232794,0.005506219214013,0.14196465868371
"787",0.1686224,1.01928120227343,0.17239639527663,0.0959877711148228
"788",0.1686224,1.03194493383061,0.135857745342321,0.215529625548677
"789",0.1686224,1.0216635112137,0.166255714785755,0.127103766453165
"790",0.1686224,1.01770355729517,0.186846042027491,0.0284444565759252
"791",0.1686224,1.02705845376782,0.231600109257331,0.0347916203694478
"792",0.1686224,1.01151231888227,0.0870740649788199,0.124800955359538
"793",0.1686224,1.02179971349324,0.110039324238865,0.178790384573429
"794",0.1686224,1.00178139878399,0.0584364319260983,0.0122944854858718
"795",0.1686224,1.00948333250959,-0.0222315149491338,0.136243746123378
"796",0.1686224,1.01023530512854,0.0973168969533676,0.105379283047066
"797",0.1686224,1.00137770953765,0.0499521368363432,-0.0161895393497773
"798",0.1686224,1.02415652198179,0.181687350393171,0.126040819677395
"799",0.1686224,1.02445704492635,0.154782258707997,0.159858341316555
"800",0.1686224,1.00988674307623,0.111049672244569,0.0868285905418245
"801",0.581587,1.20957573466949,0.480660968033728,0.481703738526198
"802",0.581587,1.1386022167776,0.393118068545522,0.376660579612326
"803",0.581587,1.17919498849031,0.47363325128972,0.407642446456935
"804",0.581587,1.12728245623703,0.31606901971848,0.413359541941386
"805",0.581587,1.16864528699815,0.373632157934237,0.475532141269535
"806",0.581587,1.2355636614059,0.472541166336707,0.550747135720102
"807",0.581587,1.17654772747296,0.452698023006117,0.423472614212699
"808",0.581587,1.20583207543059,0.461135917563588,0.491309128421223
"809",0.581587,1.22618873271121,0.429667690128302,0.56473399427317
"810",0.581587,1.16249234051199,0.35729582376273,0.472999086754674
"811",0.581587,1.12907396440434,0.251739045444008,0.459821128369132
"812",0.581587,1.15786716041694,0.392222884503238,0.432223981338326
"813",0.581587,1.17483434091238,0.417089522692726,0.454171838236334
"814",0.581587,1.25539373060087,0.568152836149344,0.503205498387517
"815",0.581587,1.15069898010575,0.36124311691602,0.440013128550979
"816",0.581587,1.18147400797599,0.450990066340121,0.438735446009755
"817",0.581587,1.11551684437413,0.330055616549853,0.368023260224571
"818",0.581587,1.13080305372073,0.298216466775429,0.43564031637133
"819",0.581587,1.18379319542725,0.499095872373936,0.390217426211534
"820",0.581587,1.15568889613837,0.347591341716242,0.463462062979724
"821",0.581587,1.14949094721153,0.371436351502112,0.428210782797513
"822",0.581587,1.1676722187885,0.415596017779919,0.436736030727871
"823",0.581587,1.194928554909,0.424380120433807,0.497750705391272
"824",0.581587,1.22851119169665,0.490323803212057,0.51848077700873
"825",0.581587,1.12068525732236,0.354694180836515,0.360731872809139
"826",0.581587,1.14692722490005,0.474532396569333,0.300434791299349
"827",0.581587,1.18304609569588,0.526874149786638,0.349287410062078
"828",0.581587,1.15823864247574,0.438641925691902,0.386147658220705
"829",0.581587,1.13410736282477,0.370072451006832,0.386323557939656
"830",0.581587,1.19913158544712,0.455468245806138,0.480067949647965
"831",0.581587,1.24410926012622,0.456683057815656,0.58245037199401
"832",0.581587,1.24265652924455,0.565740219793082,0.473427136297217
"833",0.581587,1.20588670321762,0.483436620177936,0.469522923048486
"834",0.581587,1.14080444329155,0.366448495883743,0.408840161552507
"835",0.581587,1.18210203732577,0.3230680901934,0.541287572135659
"836",0.581587,1.20991095997122,0.489608830907894,0.473463540048739
"837",0.581587,1.1616892080823,0.45586774383775,0.376439126955691
"838",0.581587,1.17786192909405,0.427280812230962,0.452537105117816
"839",0.581587,1.1212254221048,0.258103660652341,0.436496217087776
"840",0.581587,1.14766355870134,0.402198011863727,0.394167988583415
"841",0.581587,1.16146457866862,0.361306606259694,0.467394377132404
"842",0.581587,1.20153216358767,0.48902675489515,0.452252554589134
"843",0.581587,1.21630749096197,0.521601302845615,0.455341622784442
"844",0.581587,1.13135407832899,0.449247202368494,0.279533543095868
"845",0.581587,1.11557947117997,0.303818036663419,0.390143764676763
"846",0.581587,1.17146207004526,0.328497510521063,0.514210819738547
"847",0.581587,1.16385016150603,0.453906891123674,0.385377389876534
"848",0.581587,1.18190655805915,0.494919656280062,0.389817451906455
"849",0.581587,1.15904857145555,0.430829668894855,0.397214535727351
"850",0.581587,1.14570433116935,0.476977001013435,0.291772779683839
"851",0.581587,1.15616743467337,0.430524270936201,0.389065533212672
"852",0.581587,1.18348495959739,0.41192015965092,0.480581347605571
"853",0.581587,1.09360203728799,0.361711980369537,0.255205523485645
"854",0.581587,1.16963760894704,0.501488230004432,0.341411322938134
"855",0.581587,1.21610181244815,0.48298465921967,0.495610166560503
"856",0.581587,1.27042230277521,0.54770537989464,0.560349573233643
"857",0.581587,1.14997986558338,0.486393570260349,0.293044341451191
"858",0.581587,1.24317001218209,0.525194717435139,0.519270823335039
"859",0.581587,1.14945120082565,0.430584281053236,0.368558326441542
"860",0.581587,1.14509737566771,0.49542415110772,0.256520779392767
"861",0.581587,1.1397080557022,0.40740520102271,0.364630572514352
"862",0.581587,1.26482800082112,0.508431959146416,0.58419758179891
"863",0.581587,1.15640688139514,0.350468720666143,0.463085900425253
"864",0.581587,1.22161963674186,0.49441871353842,0.497900263683726
"865",0.581587,1.20227589281932,0.428867590852326,0.511409730031626
"866",0.581587,1.14404048465964,0.431310403268589,0.350428261663578
"867",0.581587,1.17003752943311,0.451348265115449,0.406537284709803
"868",0.581587,1.12493454104377,0.378086747051046,0.350040188175177
"869",0.581587,1.1631973295594,0.399224653019342,0.440054205656196
"870",0.581587,1.13864742420363,0.339244580583124,0.425947263391313
"871",0.581587,1.16694838802334,0.451716167280179,0.397141088944428
"872",0.581587,1.15369508659563,0.389153576601222,0.423759184742196
"873",0.581587,1.12926971947615,0.424040385174819,0.308933408789865
"874",0.581587,1.15982773834382,0.387829777833951,0.441348440641858
"875",0.581587,1.19924164523616,0.523700785899619,0.404867892672243
"876",0.581587,1.1875576861584,0.441651392183636,0.463936747559556
"877",0.581587,1.18732728629312,0.439394396629535,0.465487539024138
"878",0.581587,1.1651783696054,0.443700982492431,0.400961433471532
"879",0.581587,1.28275989305753,0.574724534253287,0.561395273371908
"880",0.581587,1.17659628869546,0.345122584658356,0.515042938142696
"881",0.581587,1.26819532531633,0.447622483445299,0.638712373035353
"882",0.581587,1.1149638452092,0.308862569408367,0.384380396667344
"883",0.581587,1.19914035280697,0.468868749248392,0.467011436378472
"884",0.581587,1.19654107895141,0.555080545562366,0.351562429102426
"885",0.581587,1.21588288979632,0.413641232057805,0.554321326345242
"886",0.581587,1.16847825846912,0.39328463861696,0.458986528716216
"887",0.581587,1.20090285494643,0.416796671624406,0.518119871787704
"888",0.581587,1.22034649785678,0.476650756355279,0.511907834768369
"889",0.581587,1.16070174945934,0.367095890475912,0.460943769231853
"890",0.581587,1.14106742825232,0.348665544311166,0.424814328887989
"891",0.581587,1.16754923767774,0.453396705031472,0.396992002776465
"892",0.581587,1.20193723162807,0.429802909649501,0.509826017020083
"893",0.581587,1.14415672664474,0.41916796172506,0.365229838580683
"894",0.581587,1.15746338340856,0.40540579303356,0.418769180941498
"895",0.581587,1.15036924503718,0.404681933196695,0.399477074275359
"896",0.581587,1.24082282756269,0.406208330725938,0.612075225319178
"897",0.581587,1.16860310369953,0.446433653902344,0.407836004589566
"898",0.581587,1.16598169168346,0.487028931979122,0.349737222434633
"899",0.581587,1.16890002431105,0.385751594864589,0.466393582603573
"900",0.581587,1.16795947539033,0.509791876837905,0.322864644184136
"901",0.581587,1.20955798164137,0.405172153805915,0.546686415354014
"902",0.581587,1.16793586937019,0.446755817658465,0.405565573427801
"903",0.581587,1.20643835461577,0.418406494038071,0.529555954772277
"904",0.581587,1.10172745327195,0.32257347287826,0.331284976852785
"905",0.581587,1.13575801038136,0.407092638700092,0.352451190467019
"906",0.581587,1.16971945251255,0.529025155533069,0.297280982236465
"907",0.581587,1.18329563966619,0.453197283015936,0.441362428758951
"908",0.581587,1.22417896961419,0.470546922407082,0.526497619613682
"909",0.581587,1.22771041445588,0.503088234705237,0.504157802542623
"910",0.581587,1.20421053199825,0.52466435102162,0.418151078131526
"911",0.581587,1.22865032244618,0.458890930658206,0.546809590814532
"912",0.581587,1.13814710264569,0.476810549221639,0.26082662328016
"913",0.581587,1.15554678162964,0.374296798905043,0.441803430118038
"914",0.581587,1.16478284112252,0.377317485813876,0.462980109586311
"915",0.581587,1.15242801946224,0.422932013027163,0.386288561050475
"916",0.581587,1.18279522693974,0.379164760132746,0.505211474082802
"917",0.581587,1.17194650860099,0.443121940882592,0.42083436709767
"918",0.581587,1.11637162646756,0.40552072554583,0.286074377626903
"919",0.581587,1.18271864158248,0.422548595296763,0.469335775068815
"920",0.581587,1.25284239813497,0.423454954668195,0.624739926634708
"921",0.581587,1.24527056467272,0.455124564291745,0.58614026496955
"922",0.581587,1.2214424013015,0.484637383185876,0.506999158299021
"923",0.581587,1.10664787836244,0.348083008640728,0.321726196912392
"924",0.581587,1.14530824842053,0.436501062553521,0.348134753062316
"925",0.581587,1.18256513921413,0.473473661571671,0.417472155098346
"926",0.581587,1.17765346350034,0.436082281418382,0.443508651468371
"927",0.581587,1.17817924958659,0.452429838390679,0.428268123364552
"928",0.581587,1.14951108914958,0.364336083378762,0.434321266375564
"929",0.581587,1.16546676231791,0.379856487618421,0.462624926784103
"930",0.581587,1.20350639944493,0.482098700562932,0.464767142148011
"931",0.581587,1.18807099920896,0.418221808712393,0.486418768016514
"932",0.581587,1.13808058964984,0.30961240994256,0.446505973249274
"933",0.581587,1.14580466417754,0.453972537330021,0.326767905096484
"934",0.581587,1.04434578803629,0.209247502288962,0.216503135716257
"935",0.581587,1.26095741029751,0.627112575492152,0.44355767183512
"936",0.581587,1.24484489746768,0.564048318286402,0.481132324199482
"937",0.581587,1.16406492535281,0.452274410483426,0.387936860917486
"938",0.581587,1.16595812459347,0.366833932552665,0.47422696489495
"939",0.581587,1.19693752454427,0.530820221669799,0.388444757885336
"940",0.581587,1.2281810315798,0.526430784361142,0.480935833151721
"941",0.581587,1.17424768261737,0.418979742615339,0.450903088712257
"942",0.581587,1.15952163775165,0.458998368430643,0.36580175804975
"943",0.581587,1.14735228304659,0.390658413863928,0.404726160619173
"944",0.581587,1.19641668780252,0.439045499854673,0.488520153023088
"945",0.581587,1.18089613350406,0.388586735255417,0.493473431208172
"946",0.581587,1.17498847107464,0.474627808482774,0.394114641409276
"947",0.581587,1.11998082872449,0.356797330641045,0.356444556078257
"948",0.581587,1.136027097225,0.304885231349761,0.444525096405446
"949",0.581587,1.17210647871259,0.270708678246154,0.548224779595231
"950",0.581587,1.1942945821138,0.406922959838771,0.510640043105149
"951",0.581587,1.17925643671349,0.479900957453119,0.400425791584142
"952",0.581587,1.24399748386044,0.54880592459576,0.496328315714215
"953",0.581587,1.19434637762036,0.446569173003374,0.476486351806588
"954",0.581587,1.19187733711456,0.438507471516571,0.477789476811111
"955",0.581587,1.12187240635906,0.349889351637139,0.369019156360234
"956",0.581587,1.2133216433675,0.38753719618865,0.567419009052609
"957",0.581587,1.1799456379066,0.432579767790148,0.452930958219282
"958",0.581587,1.1451937008906,0.338044083445001,0.444066222772394
"959",0.581587,1.20201169697065,0.436621484101991,0.504176357314418
"960",0.581587,1.1612846001142,0.438835560535748,0.394975028668498
"961",0.581587,1.14420027752945,0.428251917372767,0.354675302727749
"962",0.581587,1.29233688728293,0.584480751197298,0.573163922200247
"963",0.581587,1.23825468883247,0.545231542732705,0.485795470568533
"964",0.581587,1.20052878109994,0.499792096743383,0.437581094520957
"965",0.581587,1.1923441394789,0.456612474260182,0.461724588147169
"966",0.581587,1.2563603368249,0.559530823867678,0.515137411851182
"967",0.581587,1.18431131664454,0.487777684040212,0.405790864466778
"968",0.581587,1.21557599263862,0.397437517263545,0.565392265379313
"969",0.581587,1.13389299252682,0.32980223719589,0.420646886167011
"970",0.581587,1.13600627351254,0.349146178966913,0.410618069710343
"971",0.581587,1.14330784131638,0.380757097947627,0.402711872655911
"972",0.581587,1.18413531905443,0.484545636443234,0.409135649920601
"973",0.581587,1.14312024766331,0.360732152473578,0.420233524114389
"974",0.581587,1.21564105022549,0.494006205539512,0.483467715449324
"975",0.581587,1.16141506678601,0.397473911477385,0.436920412721152
"976",0.581587,1.10137187517917,0.353548106139761,0.296687957424417
"977",0.581587,1.19944254521912,0.498403617327143,0.436183738253657
"978",0.581587,1.14582738776509,0.372270024162229,0.417534946636605
"979",0.581587,1.23312465365753,0.470171116136288,0.547298394853456
"980",0.581587,1.13891179168921,0.398909223493698,0.371472072517423
"981",0.581587,1.12031981025766,0.41698472481533,0.285026694410259
"982",0.581587,1.14372318030553,0.416630826834227,0.366771682794117
"983",0.581587,1.1182674645658,0.312958202696238,0.390613985504303
"984",0.581587,1.21750125430882,0.451514327251299,0.527678042494044
"985",0.581587,1.15756936243212,0.438814758826352,0.383938063074868
"986",0.581587,1.00194373828363,0.0328142722716227,0.053051656157512
"987",0.581587,1.22765008128276,0.450932082422681,0.551166924910703
"988",0.581587,1.15032981320156,0.375378276058328,0.427024389237693
"989",0.581587,1.11255512283163,0.298793955593874,0.385358370143252
"990",0.581587,1.17692153193327,0.402856847655956,0.472070601313895
"991",0.581587,1.20414633541414,0.504602963033291,0.441977654174202
"992",0.581587,1.14501299181239,0.447602976794922,0.332725602536806
"993",0.581587,1.1534069587159,0.441838824866867,0.367594974468543
"994",0.581587,1.2847159252478,0.536421743401404,0.60228458538428
"995",0.581587,1.16866349335497,0.437050842752763,0.418044162200299
"996",0.581587,1.12504617456178,0.327989762752682,0.397682801269474
"997",0.581587,1.17748981810802,0.463381328024444,0.414439400378834
"998",0.581587,1.13569412359851,0.415145935371089,0.342717076786456
"999",0.581587,1.16584898326945,0.424265478313571,0.423323346511583
"1000",0.581587,1.16987512602415,0.441996375855889,0.416229521082165
